"bin","max","min","mid","hemisphere","mean_richness","CI.Lower","CI.Upper"
1,90,75,82.5,"N",0,0,0
2,75,60,67.5,"N",0.03,0,0.524999999999991
3,60,45,52.5,"N",1.44,0,4.52499999999999
4,45,30,37.5,"N",14.5,7.475,22
5,30,15,22.5,"N",18.18,11.475,28.05
6,15,0,7.5,"N",3.24,0.475,7
7,0,-15,-7.5,"S",0,0,0
8,-15,-30,-22.5,"S",1.47,0,4.52499999999999
9,-30,-45,-37.5,"S",2.46,0,5
10,-45,-60,-52.5,"S",0,0,0
11,-60,-75,-67.5,"S",0,0,0
12,-75,-90,-82.5,"S",0,0,0
