"bin","max","min","mid","hemisphere","mean_richness","CI.Lower","CI.Upper"
1,90,75,82.5,"N",0,0,0
2,75,60,67.5,"N",0,0,0
3,60,45,52.5,"N",0.84,0,2.52499999999999
4,45,30,37.5,"N",19.77,11,28.525
5,30,15,22.5,"N",53.21,41.475,64.525
6,15,0,7.5,"N",7.64,3,12.525
7,0,-15,-7.5,"S",42.21,31,58.525
8,-15,-30,-22.5,"S",8.72,4,14
9,-30,-45,-37.5,"S",0,0,0
10,-45,-60,-52.5,"S",0,0,0
11,-60,-75,-67.5,"S",0,0,0
12,-75,-90,-82.5,"S",0.03,0,0.524999999999991
