"bin","max","min","mid","hemisphere","mean_richness","CI.Lower","CI.Upper"
1,90,75,82.5,"N",0,0,0
2,75,60,67.5,"N",0.11,0,1
3,60,45,52.5,"N",0.64,0,2
4,45,30,37.5,"N",36.63,28,47.525
5,30,15,22.5,"N",37.96,25.475,49
6,15,0,7.5,"N",26.11,15.475,36.525
7,0,-15,-7.5,"S",4.58,1,9.52499999999999
8,-15,-30,-22.5,"S",0,0,0
9,-30,-45,-37.5,"S",1.23,0,3.52499999999999
10,-45,-60,-52.5,"S",0.58,0,2
11,-60,-75,-67.5,"S",0.34,0,1
12,-75,-90,-82.5,"S",0,0,0
