"bin","max","min","mid","hemisphere","mean_richness","CI.Lower","CI.Upper"
1,90,75,82.5,"N",0.03,0,0.524999999999991
2,75,60,67.5,"N",0.07,0,1
3,60,45,52.5,"N",1.48,0,4
4,45,30,37.5,"N",19.32,11.475,30
5,30,15,22.5,"N",9.29,4,14
6,15,0,7.5,"N",46.47,37.475,57.05
7,0,-15,-7.5,"S",28.18,19,39.525
8,-15,-30,-22.5,"S",24.77,15,34.525
9,-30,-45,-37.5,"S",9.46,4,15
10,-45,-60,-52.5,"S",1.1,0,3.52499999999999
11,-60,-75,-67.5,"S",0.33,0,2
12,-75,-90,-82.5,"S",0,0,0
