"bin","max","min","mid","hemisphere","mean_richness","CI.Lower","CI.Upper"
1,90,75,82.5,"N",0,0,0
2,75,60,67.5,"N",0,0,0
3,60,45,52.5,"N",3.12,0,7
4,45,30,37.5,"N",26.13,18.475,37
5,30,15,22.5,"N",20.41,12,30
6,15,0,7.5,"N",8.98,3.475,15.525
7,0,-15,-7.5,"S",6.4,0.475,12
8,-15,-30,-22.5,"S",3.78,1,7.52499999999999
9,-30,-45,-37.5,"S",2.33,0,5.52499999999999
10,-45,-60,-52.5,"S",0,0,0
11,-60,-75,-67.5,"S",0,0,0
12,-75,-90,-82.5,"S",0,0,0
