"bin","max","min","mid","hemisphere","mean_richness","CI.Lower","CI.Upper"
1,90,75,82.5,"N",0,0,0
2,75,60,67.5,"N",0,0,0
3,60,45,52.5,"N",7.36,3,15.525
4,45,30,37.5,"N",19.32,11.475,26.525
5,30,15,22.5,"N",45.62,33.475,56.525
6,15,0,7.5,"N",53.09,37.425,67
7,0,-15,-7.5,"S",0,0,0
8,-15,-30,-22.5,"S",4.62,1,9
9,-30,-45,-37.5,"S",2.16,0,5.52499999999999
10,-45,-60,-52.5,"S",1.56,0,4.52499999999999
11,-60,-75,-67.5,"S",0.07,0,1
12,-75,-90,-82.5,"S",0,0,0
