"bin","max","min","mid","hemisphere","mean_richness","CI.Lower","CI.Upper"
1,90,75,82.5,"N",0,0,0
2,75,60,67.5,"N",0.03,0,0.524999999999991
3,60,45,52.5,"N",2.31,0,6
4,45,30,37.5,"N",34.36,24,49.525
5,30,15,22.5,"N",41.88,30,55.525
6,15,0,7.5,"N",59.7,46.95,73.575
7,0,-15,-7.5,"S",12.17,6,19
8,-15,-30,-22.5,"S",9.98,6,17.525
9,-30,-45,-37.5,"S",4.78,1,10
10,-45,-60,-52.5,"S",1.71,0,4.52499999999999
11,-60,-75,-67.5,"S",0,0,0
12,-75,-90,-82.5,"S",0,0,0
