"bin","max","min","mid","hemisphere","mean_richness","CI.Lower","CI.Upper"
1,90,75,82.5,"N",0,0,0
2,75,60,67.5,"N",0.13,0,1
3,60,45,52.5,"N",5,1,9.52499999999999
4,45,30,37.5,"N",28.24,19,39.575
5,30,15,22.5,"N",50.43,36.475,63.05
6,15,0,7.5,"N",3.02,0,7.52499999999999
7,0,-15,-7.5,"S",1.79,0,5.52499999999999
8,-15,-30,-22.5,"S",0,0,0
9,-30,-45,-37.5,"S",0.77,0,3
10,-45,-60,-52.5,"S",0,0,0
11,-60,-75,-67.5,"S",0,0,0
12,-75,-90,-82.5,"S",0,0,0
