"bin","max","min","mid","hemisphere","mean_richness","CI.Lower","CI.Upper"
1,90,75,82.5,"N",0.01,0,0
2,75,60,67.5,"N",0.09,0,1
3,60,45,52.5,"N",3.17,1,7
4,45,30,37.5,"N",3.33,0,6.52499999999999
5,30,15,22.5,"N",8.94,4,14.525
6,15,0,7.5,"N",18.92,10.95,26
7,0,-15,-7.5,"S",43.82,30,59.525
8,-15,-30,-22.5,"S",23.74,14,33
9,-30,-45,-37.5,"S",6.17,2,11
10,-45,-60,-52.5,"S",1.14,0,4.52499999999999
11,-60,-75,-67.5,"S",0,0,0
12,-75,-90,-82.5,"S",0,0,0
