"bin","max","min","mid","hemisphere","mean_richness","CI.Lower","CI.Upper"
1,90,75,82.5,"N",0.08,0,1
2,75,60,67.5,"N",0.28,0,1.52499999999999
3,60,45,52.5,"N",3.51,1,7
4,45,30,37.5,"N",11.21,5.475,19.1
5,30,15,22.5,"N",41.98,30.475,53
6,15,0,7.5,"N",66.72,50.95,80.525
7,0,-15,-7.5,"S",78.58,63.475,95.575
8,-15,-30,-22.5,"S",29.1,19.95,40.525
9,-30,-45,-37.5,"S",4.78,1,9.52499999999999
10,-45,-60,-52.5,"S",0.35,0,2
11,-60,-75,-67.5,"S",0.03,0,0.524999999999991
12,-75,-90,-82.5,"S",0.01,0,0
