"bin","max","min","mid","hemisphere","mean_richness","CI.Lower","CI.Upper"
1,90,75,82.5,"N",0.06,0,1
2,75,60,67.5,"N",0.23,0,1.52499999999999
3,60,45,52.5,"N",1.21,0,4
4,45,30,37.5,"N",5.28,2,9
5,30,15,22.5,"N",19.47,11.475,28.525
6,15,0,7.5,"N",35.28,27,46.525
7,0,-15,-7.5,"S",46,35.475,59
8,-15,-30,-22.5,"S",17.91,9.475,27.05
9,-30,-45,-37.5,"S",2.87,0,6.52499999999999
10,-45,-60,-52.5,"S",0,0,0
11,-60,-75,-67.5,"S",0.01,0,0
12,-75,-90,-82.5,"S",0,0,0
