"bin","max","min","mid","hemisphere","mean_richness","CI.Lower","CI.Upper"
1,90,75,82.5,"N",0.01,0,0
2,75,60,67.5,"N",0,0,0
3,60,45,52.5,"N",1.9,0,5.52499999999999
4,45,30,37.5,"N",14.83,8.475,23.05
5,30,15,22.5,"N",20.7,12.475,29
6,15,0,7.5,"N",64.76,51,79
7,0,-15,-7.5,"S",24.89,15,35
8,-15,-30,-22.5,"S",11.25,6,18
9,-30,-45,-37.5,"S",0,0,0
10,-45,-60,-52.5,"S",0,0,0
11,-60,-75,-67.5,"S",0,0,0
12,-75,-90,-82.5,"S",0.03,0,0.524999999999991
