"bin","max","min","mid","hemisphere","mean_richness","CI.Lower","CI.Upper"
1,90,75,82.5,"N",0,0,0
2,75,60,67.5,"N",0.23,0,1.52499999999999
3,60,45,52.5,"N",4.28,1,9.52499999999999
4,45,30,37.5,"N",38.21,25.475,50.525
5,30,15,22.5,"N",10.59,6,17.525
6,15,0,7.5,"N",6.3,1,11.525
7,0,-15,-7.5,"S",5.95,2,11.525
8,-15,-30,-22.5,"S",0,0,0
9,-30,-45,-37.5,"S",0.95,0,3.04999999999998
10,-45,-60,-52.5,"S",2.56,0,5
11,-60,-75,-67.5,"S",0,0,0
12,-75,-90,-82.5,"S",0,0,0
