"bin","max","min","mid","hemisphere","mean_richness","CI.Lower","CI.Upper"
1,90,75,82.5,"N",0,0,0
2,75,60,67.5,"N",0.04,0,1
3,60,45,52.5,"N",4.68,1,9.52499999999999
4,45,30,37.5,"N",28.29,20,39
5,30,15,22.5,"N",29.51,20.475,38.525
6,15,0,7.5,"N",13.34,6.475,20.05
7,0,-15,-7.5,"S",0,0,0
8,-15,-30,-22.5,"S",0,0,0
9,-30,-45,-37.5,"S",0.64,0,2.52499999999999
10,-45,-60,-52.5,"S",3.53,0.475,7
11,-60,-75,-67.5,"S",0.09,0,1
12,-75,-90,-82.5,"S",0,0,0
