"bin","max","min","mid","hemisphere","mean_richness","CI.Lower","CI.Upper"
1,90,75,82.5,"N",0,0,0
2,75,60,67.5,"N",0.04,0,0.524999999999991
3,60,45,52.5,"N",2.39,0,5.52499999999999
4,45,30,37.5,"N",10.48,5,16
5,30,15,22.5,"N",12.52,7,18
6,15,0,7.5,"N",6.22,2,11
7,0,-15,-7.5,"S",0,0,0
8,-15,-30,-22.5,"S",0,0,0
9,-30,-45,-37.5,"S",0.35,0,2
10,-45,-60,-52.5,"S",1.25,0,5
11,-60,-75,-67.5,"S",0,0,0
12,-75,-90,-82.5,"S",0,0,0
