"bin","max","min","mid","hemisphere","mean_richness","CI.Lower","CI.Upper"
1,90,75,82.5,"N",0.02,0,0
2,75,60,67.5,"N",0.19,0,1.52499999999999
3,60,45,52.5,"N",0.25,0,1.52499999999999
4,45,30,37.5,"N",23.15,14.95,31
5,30,15,22.5,"N",54.16,38.95,69.525
6,15,0,7.5,"N",16.49,8,25.05
7,0,-15,-7.5,"S",7.89,3.475,13.525
8,-15,-30,-22.5,"S",4.89,1,9
9,-30,-45,-37.5,"S",0.49,0,2
10,-45,-60,-52.5,"S",0,0,0
11,-60,-75,-67.5,"S",0.01,0,0
12,-75,-90,-82.5,"S",0,0,0
