"bin","max","min","mid","hemisphere","mean_richness","CI.Lower","CI.Upper"
1,90,75,82.5,"N",0.03,0,0.524999999999991
2,75,60,67.5,"N",0.12,0,1
3,60,45,52.5,"N",1.36,0,4
4,45,30,37.5,"N",16.17,9,23
5,30,15,22.5,"N",7.6,3,12.525
6,15,0,7.5,"N",84.57,70.475,101.1
7,0,-15,-7.5,"S",26.24,16.475,36.525
8,-15,-30,-22.5,"S",16.34,8.475,23
9,-30,-45,-37.5,"S",7.29,3,14
10,-45,-60,-52.5,"S",1.28,0,3.52499999999999
11,-60,-75,-67.5,"S",0.24,0,1
12,-75,-90,-82.5,"S",0,0,0
