"bin","max","min","mid","hemisphere","mean_richness","CI.Lower","CI.Upper"
1,90,75,82.5,"N",0,0,0
2,75,60,67.5,"N",0,0,0
3,60,45,52.5,"N",0.57,0,2.52499999999999
4,45,30,37.5,"N",27.86,17.475,38.05
5,30,15,22.5,"N",13.2,6,21
6,15,0,7.5,"N",22.22,13.95,32.525
7,0,-15,-7.5,"S",1.57,0,4.52499999999999
8,-15,-30,-22.5,"S",1.56,0,4
9,-30,-45,-37.5,"S",0.28,0,2
10,-45,-60,-52.5,"S",0.09,0,1
11,-60,-75,-67.5,"S",0,0,0
12,-75,-90,-82.5,"S",0,0,0
