"bin","max","min","mid","hemisphere","mean_richness","CI.Lower","CI.Upper"
1,90,75,82.5,"N",0.01,0,0
2,75,60,67.5,"N",0,0,0
3,60,45,52.5,"N",2.53,0,5.52499999999999
4,45,30,37.5,"N",52.05,38,64.525
5,30,15,22.5,"N",70.63,55.95,86
6,15,0,7.5,"N",36.15,24.425,48
7,0,-15,-7.5,"S",2.98,0,6
8,-15,-30,-22.5,"S",14.02,7.475,21
9,-30,-45,-37.5,"S",2.97,1,6
10,-45,-60,-52.5,"S",0,0,0
11,-60,-75,-67.5,"S",0.03,0,0.524999999999991
12,-75,-90,-82.5,"S",0,0,0
