"bin","max","min","mid","hemisphere","mean_richness","CI.Lower","CI.Upper"
1,90,75,82.5,"N",0,0,0
2,75,60,67.5,"N",0.02,0,0
3,60,45,52.5,"N",7.83,2.475,14
4,45,30,37.5,"N",50.44,36.475,67.1499999999999
5,30,15,22.5,"N",58.4,44.95,71
6,15,0,7.5,"N",32.07,22,42
7,0,-15,-7.5,"S",17.94,11,25
8,-15,-30,-22.5,"S",14.2,8,22
9,-30,-45,-37.5,"S",2.55,0,5.52499999999999
10,-45,-60,-52.5,"S",0.21,0,1
11,-60,-75,-67.5,"S",0.08,0,1
12,-75,-90,-82.5,"S",0,0,0
