"bin","max","min","mid","hemisphere","mean_richness","CI.Lower","CI.Upper"
1,90,75,82.5,"N",0,0,0
2,75,60,67.5,"N",0,0,0
3,60,45,52.5,"N",1.96,0,4.52499999999999
4,45,30,37.5,"N",19.94,12,29.05
5,30,15,22.5,"N",25.77,16.475,36
6,15,0,7.5,"N",10.81,5,16
7,0,-15,-7.5,"S",22.63,15,31
8,-15,-30,-22.5,"S",25.23,15,36
9,-30,-45,-37.5,"S",4.03,1,7.52499999999999
10,-45,-60,-52.5,"S",0.32,0,1.52499999999999
11,-60,-75,-67.5,"S",0,0,0
12,-75,-90,-82.5,"S",0,0,0
