"bin","max","min","mid","hemisphere","mean_richness","CI.Lower","CI.Upper"
1,90,75,82.5,"N",0,0,0
2,75,60,67.5,"N",0,0,0
3,60,45,52.5,"N",5.28,2,9.52499999999999
4,45,30,37.5,"N",17,8.425,25.525
5,30,15,22.5,"N",32.24,22,43.575
6,15,0,7.5,"N",31.95,19.95,43.05
7,0,-15,-7.5,"S",0,0,0
8,-15,-30,-22.5,"S",0.77,0,2.52499999999999
9,-30,-45,-37.5,"S",0.56,0,2
10,-45,-60,-52.5,"S",1.61,0,4
11,-60,-75,-67.5,"S",0.01,0,0
12,-75,-90,-82.5,"S",0,0,0
