"bin","max","min","mid","hemisphere","mean_richness","CI.Lower","CI.Upper"
1,90,75,82.5,"N",0.03,0,0.524999999999991
2,75,60,67.5,"N",0.06,0,1
3,60,45,52.5,"N",0.74,0,2
4,45,30,37.5,"N",28.19,20,38.05
5,30,15,22.5,"N",17.44,11.475,26.1
6,15,0,7.5,"N",32.22,21.95,43
7,0,-15,-7.5,"S",41.14,31.475,52
8,-15,-30,-22.5,"S",29.39,20.475,39
9,-30,-45,-37.5,"S",9.06,4,15
10,-45,-60,-52.5,"S",0.7,0,2.52499999999999
11,-60,-75,-67.5,"S",0.17,0,1
12,-75,-90,-82.5,"S",0,0,0
