"bin","max","min","mid","hemisphere","mean_richness","CI.Lower","CI.Upper"
1,90,75,82.5,"N",0,0,0
2,75,60,67.5,"N",0.19,0,1
3,60,45,52.5,"N",8.83,4,14.525
4,45,30,37.5,"N",44.94,32.95,59
5,30,15,22.5,"N",73.11,54,88.525
6,15,0,7.5,"N",46.01,32.475,60.05
7,0,-15,-7.5,"S",13.85,8,21
8,-15,-30,-22.5,"S",3.05,0,6.52499999999999
9,-30,-45,-37.5,"S",0,0,0
10,-45,-60,-52.5,"S",1.95,0,5.52499999999999
11,-60,-75,-67.5,"S",0,0,0
12,-75,-90,-82.5,"S",0,0,0
