"bin","max","min","mid","hemisphere","mean_richness","CI.Lower","CI.Upper"
1,90,75,82.5,"N",0,0,0
2,75,60,67.5,"N",0.03,0,0.524999999999991
3,60,45,52.5,"N",4.26,1,8.04999999999998
4,45,30,37.5,"N",18.93,11.95,29.05
5,30,15,22.5,"N",36.19,27,47.575
6,15,0,7.5,"N",13.91,7,22.525
7,0,-15,-7.5,"S",1.96,0,5
8,-15,-30,-22.5,"S",0,0,0
9,-30,-45,-37.5,"S",0,0,0
10,-45,-60,-52.5,"S",0.76,0,3
11,-60,-75,-67.5,"S",0,0,0
12,-75,-90,-82.5,"S",0,0,0
