"bin","max","min","mid","hemisphere","mean_richness","CI.Lower","CI.Upper"
1,90,75,82.5,"N",0.01,0,0
2,75,60,67.5,"N",0.26,0,1.52499999999999
3,60,45,52.5,"N",1.63,0,4
4,45,30,37.5,"N",57,42.95,72.525
5,30,15,22.5,"N",68.6,55.425,85.6749999999999
6,15,0,7.5,"N",0,0,0
7,0,-15,-7.5,"S",0,0,0
8,-15,-30,-22.5,"S",10.21,5,17
9,-30,-45,-37.5,"S",2.46,0,6
10,-45,-60,-52.5,"S",0,0,0
11,-60,-75,-67.5,"S",0.01,0,0
12,-75,-90,-82.5,"S",0,0,0
