"bin","max","min","mid","hemisphere","mean_richness","CI.Lower","CI.Upper"
1,90,75,82.5,"N",0,0,0
2,75,60,67.5,"N",0.25,0,2
3,60,45,52.5,"N",3.82,0.475,7.52499999999999
4,45,30,37.5,"N",33.2,22.475,48.05
5,30,15,22.5,"N",38.4,26.475,49
6,15,0,7.5,"N",0,0,0
7,0,-15,-7.5,"S",5.45,1.475,9.52499999999999
8,-15,-30,-22.5,"S",5.45,2,11
9,-30,-45,-37.5,"S",3.76,1,8.52499999999999
10,-45,-60,-52.5,"S",0,0,0
11,-60,-75,-67.5,"S",0,0,0
12,-75,-90,-82.5,"S",0.01,0,0
