"bin","max","min","mid","hemisphere","mean_richness","CI.Lower","CI.Upper"
1,90,75,82.5,"N",0,0,0
2,75,60,67.5,"N",0,0,0
3,60,45,52.5,"N",2.87,0,6.52499999999999
4,45,30,37.5,"N",21.6,13.475,29
5,30,15,22.5,"N",2.98,0,7.52499999999999
6,15,0,7.5,"N",13.34,8,20
7,0,-15,-7.5,"S",5.54,2,10
8,-15,-30,-22.5,"S",1.32,0,3.52499999999999
9,-30,-45,-37.5,"S",4.54,1,10
10,-45,-60,-52.5,"S",0,0,0
11,-60,-75,-67.5,"S",0,0,0
12,-75,-90,-82.5,"S",0,0,0
