"bin","max","min","mid","hemisphere","mean_richness","CI.Lower","CI.Upper"
1,90,75,82.5,"N",0.02,0,0
2,75,60,67.5,"N",1.02,0,3.52499999999999
3,60,45,52.5,"N",3.26,0.475,6
4,45,30,37.5,"N",22.81,15.475,32
5,30,15,22.5,"N",71.21,54.475,88.525
6,15,0,7.5,"N",23.06,15.475,32
7,0,-15,-7.5,"S",0,0,0
8,-15,-30,-22.5,"S",13.13,7,20.525
9,-30,-45,-37.5,"S",4.04,1,7.52499999999999
10,-45,-60,-52.5,"S",0,0,0
11,-60,-75,-67.5,"S",0,0,0
12,-75,-90,-82.5,"S",0,0,0
