"bin","max","min","mid","hemisphere","mean_richness","CI.Lower","CI.Upper"
1,90,75,82.5,"N",0.03,0,0.524999999999991
2,75,60,67.5,"N",0.27,0,1
3,60,45,52.5,"N",2.69,0,6
4,45,30,37.5,"N",11.39,5,18.575
5,30,15,22.5,"N",12.51,5.475,20.05
6,15,0,7.5,"N",51.26,38.475,65.525
7,0,-15,-7.5,"S",29.09,19,38
8,-15,-30,-22.5,"S",36.68,26,47
9,-30,-45,-37.5,"S",2.74,0,6
10,-45,-60,-52.5,"S",0.28,0,1.52499999999999
11,-60,-75,-67.5,"S",0.09,0,1
12,-75,-90,-82.5,"S",0,0,0
