"bin","max","min","mid","hemisphere","mean_richness","CI.Lower","CI.Upper"
1,90,75,82.5,"N",0,0,0
2,75,60,67.5,"N",0,0,0
3,60,45,52.5,"N",1.46,0,4.52499999999999
4,45,30,37.5,"N",4.54,1.475,9
5,30,15,22.5,"N",23.88,15,32.525
6,15,0,7.5,"N",6.74,2,13
7,0,-15,-7.5,"S",24.28,16,32.525
8,-15,-30,-22.5,"S",25.8,17,36.05
9,-30,-45,-37.5,"S",0.73,0,2
10,-45,-60,-52.5,"S",0,0,0
11,-60,-75,-67.5,"S",0.03,0,0.524999999999991
12,-75,-90,-82.5,"S",0.05,0,1
