"bin","max","min","mid","hemisphere","mean_richness","CI.Lower","CI.Upper"
1,90,75,82.5,"N",NA,NA,NA
2,75,60,67.5,"N",0.08,0,1
3,60,45,52.5,"N",3.529,0,7.51449999999999
4,45,30,37.5,"N",22.0582,16.607,26.63
5,30,15,22.5,"N",22.9216,17.705,27.94725
6,15,0,7.5,"N",8.0097,4,13.6735
7,0,-15,-7.5,"S",NA,NA,NA
8,-15,-30,-22.5,"S",11.4474,5.94525,17.71975
9,-30,-45,-37.5,"S",5.7028,2,10.40675
10,-45,-60,-52.5,"S",NA,NA,NA
11,-60,-75,-67.5,"S",NA,NA,NA
12,-75,-90,-82.5,"S",0.02,0,0
