"bin","max","min","mid","hemisphere","mean_richness","CI.Lower","CI.Upper"
1,90,75,82.5,"N",NA,NA,NA
2,75,60,67.5,"N",0.01,0,0
3,60,45,52.5,"N",0.29,0,2
4,45,30,37.5,"N",16.95046,9.92185,22.01355
5,30,15,22.5,"N",21.70935,15.99285,26.483825
6,15,0,7.5,"N",NA,NA,NA
7,0,-15,-7.5,"S",NA,NA,NA
8,-15,-30,-22.5,"S",2.4699,0,5.52499999999999
9,-30,-45,-37.5,"S",1.12,0,3
10,-45,-60,-52.5,"S",NA,NA,NA
11,-60,-75,-67.5,"S",NA,NA,NA
12,-75,-90,-82.5,"S",0.03,0,0.524999999999991
