"bin","max","min","mid","hemisphere","mean_richness","CI.Lower","CI.Upper"
1,90,75,82.5,"N",0.09,0,1
2,75,60,67.5,"N",0.85,0,3
3,60,45,52.5,"N",5.9128,2,9.97
4,45,30,37.5,"N",32.1596,28.90425,35.3065
5,30,15,22.5,"N",35.2207,32.96425,37.263
6,15,0,7.5,"N",32.0035,28.3355,35.07975
7,0,-15,-7.5,"S",30.5524,26.323,33.4535
8,-15,-30,-22.5,"S",8.6449,4,13.651
9,-30,-45,-37.5,"S",2.01,0,4
10,-45,-60,-52.5,"S",0.8,0,3
11,-60,-75,-67.5,"S",0.14,0,1
12,-75,-90,-82.5,"S",NA,NA,NA
