"bin","max","min","mid","hemisphere","mean_richness","CI.Lower","CI.Upper"
1,90,75,82.5,"N",0.02,0,0
2,75,60,67.5,"N",0.45,0,2
3,60,45,52.5,"N",3.62905,1,6.9961
4,45,30,37.5,"N",27.35604,23.189175,31.60305
5,30,15,22.5,"N",29.89836,27.146425,32.8167
6,15,0,7.5,"N",21.75518,15.5201,26.73875
7,0,-15,-7.5,"S",20.56726,13.570225,26.0926
8,-15,-30,-22.5,"S",1.62,0,5
9,-30,-45,-37.5,"S",0.39,0,2
10,-45,-60,-52.5,"S",0.42,0,2
11,-60,-75,-67.5,"S",0.08,0,1
12,-75,-90,-82.5,"S",NA,NA,NA
