"bin","max","min","mid","hemisphere","mean_richness","CI.Lower","CI.Upper"
1,90,75,82.5,"N",NA,NA,NA
2,75,60,67.5,"N",0.24,0,2
3,60,45,52.5,"N",2.7391,0,5.99525
4,45,30,37.5,"N",20.9184,15.68175,26.505
5,30,15,22.5,"N",37.1425,35.1875,38.84675
6,15,0,7.5,"N",38.9719,37.41425,40.28
7,0,-15,-7.5,"S",31.6805,28.11225,34.24775
8,-15,-30,-22.5,"S",10.0894,4.475,16.19575
9,-30,-45,-37.5,"S",7.4737,3,13.651
10,-45,-60,-52.5,"S",NA,NA,NA
11,-60,-75,-67.5,"S",NA,NA,NA
12,-75,-90,-82.5,"S",0.02,0,0
