"bin","max","min","mid","hemisphere","mean_richness","CI.Lower","CI.Upper"
1,90,75,82.5,"N",0.02,0,0
2,75,60,67.5,"N",0.11,0,1
3,60,45,52.5,"N",0.31,0,2
4,45,30,37.5,"N",31.69017,28.519825,34.2346
5,30,15,22.5,"N",30.23042,26.981875,33.695975
6,15,0,7.5,"N",21.07272,14.68515,25.9636
7,0,-15,-7.5,"S",NA,NA,NA
8,-15,-30,-22.5,"S",NA,NA,NA
9,-30,-45,-37.5,"S",1.53,0,4
10,-45,-60,-52.5,"S",NA,NA,NA
11,-60,-75,-67.5,"S",0.64,0,3
12,-75,-90,-82.5,"S",NA,NA,NA
