"bin","max","min","mid","hemisphere","mean_richness","CI.Lower","CI.Upper"
1,90,75,82.5,"N",0.04,0,1
2,75,60,67.5,"N",0.06,0,1
3,60,45,52.5,"N",NA,NA,NA
4,45,30,37.5,"N",27.36195,22.873025,31.03495
5,30,15,22.5,"N",28.90378,24.657875,32.807825
6,15,0,7.5,"N",18.73257,11.788325,24.9956
7,0,-15,-7.5,"S",4.73991,1,8.881075
8,-15,-30,-22.5,"S",NA,NA,NA
9,-30,-45,-37.5,"S",0.41,0,2
10,-45,-60,-52.5,"S",0.28,0,2.52499999999999
11,-60,-75,-67.5,"S",0.62,0,2
12,-75,-90,-82.5,"S",NA,NA,NA
