"bin","max","min","mid","hemisphere","mean_richness","CI.Lower","CI.Upper"
1,90,75,82.5,"N",NA,NA,NA
2,75,60,67.5,"N",NA,NA,NA
3,60,45,52.5,"N",1.53,0,4
4,45,30,37.5,"N",15.9539,11.26625,21.0635
5,30,15,22.5,"N",25.2744,19.91325,28.80675
6,15,0,7.5,"N",21.9529,16.93,26.833
7,0,-15,-7.5,"S",NA,NA,NA
8,-15,-30,-22.5,"S",NA,NA,NA
9,-30,-45,-37.5,"S",4.3013,1,9.50924999999999
10,-45,-60,-52.5,"S",2.4897,0,5.99525
11,-60,-75,-67.5,"S",NA,NA,NA
12,-75,-90,-82.5,"S",NA,NA,NA
