"bin","max","min","mid","hemisphere","mean_richness","CI.Lower","CI.Upper"
1,90,75,82.5,"N",NA,NA,NA
2,75,60,67.5,"N",NA,NA,NA
3,60,45,52.5,"N",NA,NA,NA
4,45,30,37.5,"N",16.55712,11.82665,21.217
5,30,15,22.5,"N",14.07127,8.8544,19.2905
6,15,0,7.5,"N",22.88388,17.630075,26.777475
7,0,-15,-7.5,"S",10.53041,5,15.7474
8,-15,-30,-22.5,"S",9.70925,3.475,15.707
9,-30,-45,-37.5,"S",15.8847,10.3681,21.2915
10,-45,-60,-52.5,"S",2.22936,0,5
11,-60,-75,-67.5,"S",0.45,0,2
12,-75,-90,-82.5,"S",NA,NA,NA
