"bin","max","min","mid","hemisphere","mean_richness","CI.Lower","CI.Upper"
1,90,75,82.5,"N",NA,NA,NA
2,75,60,67.5,"N",0.03,0,0.524999999999991
3,60,45,52.5,"N",NA,NA,NA
4,45,30,37.5,"N",28.2668,25.04595,31.300875
5,30,15,22.5,"N",30.73073,27.169925,33.565
6,15,0,7.5,"N",8.33198,3,14.541025
7,0,-15,-7.5,"S",27.35016,23.388175,31.3322
8,-15,-30,-22.5,"S",NA,NA,NA
9,-30,-45,-37.5,"S",4.38496,1,7.982925
10,-45,-60,-52.5,"S",NA,NA,NA
11,-60,-75,-67.5,"S",NA,NA,NA
12,-75,-90,-82.5,"S",NA,NA,NA
