"bin","max","min","mid","hemisphere","mean_richness","CI.Lower","CI.Upper"
1,90,75,82.5,"N",NA,NA,NA
2,75,60,67.5,"N",NA,NA,NA
3,60,45,52.5,"N",6.1931,2,11.7605
4,45,30,37.5,"N",28.6498,24.501,32.30975
5,30,15,22.5,"N",26.3175,20.189,30.87175
6,15,0,7.5,"N",14.1035,8.42275,19.09975
7,0,-15,-7.5,"S",8.747,4,15.0275
8,-15,-30,-22.5,"S",8.2002,4,13.1255
9,-30,-45,-37.5,"S",7.5692,3,12.7035
10,-45,-60,-52.5,"S",NA,NA,NA
11,-60,-75,-67.5,"S",NA,NA,NA
12,-75,-90,-82.5,"S",0.01,0,0
