"bin","max","min","mid","hemisphere","mean_richness","CI.Lower","CI.Upper"
1,90,75,82.5,"N",NA,NA,NA
2,75,60,67.5,"N",0.11,0,1
3,60,45,52.5,"N",0.07,0,1
4,45,30,37.5,"N",18.5049,12.498525,24.30885
5,30,15,22.5,"N",25.87578,20.218175,29.831125
6,15,0,7.5,"N",28.69066,24.0105,32.4524
7,0,-15,-7.5,"S",NA,NA,NA
8,-15,-30,-22.5,"S",NA,NA,NA
9,-30,-45,-37.5,"S",0.48,0,2
10,-45,-60,-52.5,"S",0.21,0,1
11,-60,-75,-67.5,"S",NA,NA,NA
12,-75,-90,-82.5,"S",NA,NA,NA
