"bin","max","min","mid","hemisphere","mean_richness","CI.Lower","CI.Upper"
1,90,75,82.5,"N",0.02,0,0
2,75,60,67.5,"N",0.13,0,1
3,60,45,52.5,"N",1.21,0,3
4,45,30,37.5,"N",29.0192,25.278,32.3425
5,30,15,22.5,"N",32.0397,29.00475,34.872
6,15,0,7.5,"N",32.8377,28.902,35.377
7,0,-15,-7.5,"S",NA,NA,NA
8,-15,-30,-22.5,"S",NA,NA,NA
9,-30,-45,-37.5,"S",3.0795,0.475,7
10,-45,-60,-52.5,"S",1.09,0,3.52499999999999
11,-60,-75,-67.5,"S",NA,NA,NA
12,-75,-90,-82.5,"S",NA,NA,NA
