"bin","max","min","mid","hemisphere","mean_richness","CI.Lower","CI.Upper"
1,90,75,82.5,"N",NA,NA,NA
2,75,60,67.5,"N",0.38,0,2
3,60,45,52.5,"N",0.65,0,3
4,45,30,37.5,"N",21.46434,16.16075,25.77955
5,30,15,22.5,"N",29.11138,25.25905,32.029825
6,15,0,7.5,"N",33.04091,29.523025,35.738325
7,0,-15,-7.5,"S",NA,NA,NA
8,-15,-30,-22.5,"S",4.93585,1,9.949625
9,-30,-45,-37.5,"S",NA,NA,NA
10,-45,-60,-52.5,"S",0.92,0,3
11,-60,-75,-67.5,"S",NA,NA,NA
12,-75,-90,-82.5,"S",NA,NA,NA
