"bin","max","min","mid","hemisphere","mean_richness","CI.Lower","CI.Upper"
1,90,75,82.5,"N",NA,NA,NA
2,75,60,67.5,"N",0.04,0,1
3,60,45,52.5,"N",0.82,0,3
4,45,30,37.5,"N",22.53312,17.318875,27.66045
5,30,15,22.5,"N",23.03277,18.00675,27.266875
6,15,0,7.5,"N",24.57932,18.272925,29.283825
7,0,-15,-7.5,"S",NA,NA,NA
8,-15,-30,-22.5,"S",NA,NA,NA
9,-30,-45,-37.5,"S",0.82,0,3
10,-45,-60,-52.5,"S",0.21,0,1.52499999999999
11,-60,-75,-67.5,"S",NA,NA,NA
12,-75,-90,-82.5,"S",NA,NA,NA
