"bin","max","min","mid","hemisphere","mean_richness","CI.Lower","CI.Upper"
1,90,75,82.5,"N",NA,NA,NA
2,75,60,67.5,"N",NA,NA,NA
3,60,45,52.5,"N",1.15,0,4
4,45,30,37.5,"N",22.30017,16.50725,27.20175
5,30,15,22.5,"N",11.54055,6.471575,16.796875
6,15,0,7.5,"N",13.57176,8.906475,18.9113
7,0,-15,-7.5,"S",0.54,0,2
8,-15,-30,-22.5,"S",0.78,0,3
9,-30,-45,-37.5,"S",0.55,0,2
10,-45,-60,-52.5,"S",0.57,0,2
11,-60,-75,-67.5,"S",0.03,0,0.524999999999991
12,-75,-90,-82.5,"S",NA,NA,NA
