"bin","max","min","mid","hemisphere","mean_richness","CI.Lower","CI.Upper"
1,90,75,82.5,"N",NA,NA,NA
2,75,60,67.5,"N",NA,NA,NA
3,60,45,52.5,"N",3.99713,1,8.49627499999999
4,45,30,37.5,"N",10.17539,5,15.752
5,30,15,22.5,"N",22.72457,18.1967,27.158225
6,15,0,7.5,"N",17.19774,11.805675,22.608725
7,0,-15,-7.5,"S",NA,NA,NA
8,-15,-30,-22.5,"S",1.32,0,3.52499999999999
9,-30,-45,-37.5,"S",0.83,0,3
10,-45,-60,-52.5,"S",0.64,0,2
11,-60,-75,-67.5,"S",0.01,0,0
12,-75,-90,-82.5,"S",NA,NA,NA
