"bin","max","min","mid","hemisphere","mean_richness","CI.Lower","CI.Upper"
1,90,75,82.5,"N",NA,NA,NA
2,75,60,67.5,"N",NA,NA,NA
3,60,45,52.5,"N",0.99,0,4
4,45,30,37.5,"N",25.66413,21.94555,29.724325
5,30,15,22.5,"N",31.77082,28.6273,34.2177
6,15,0,7.5,"N",12.29579,7.449475,17.547825
7,0,-15,-7.5,"S",24.44693,20.3407,28.300775
8,-15,-30,-22.5,"S",16.88934,11.226,21.703825
9,-30,-45,-37.5,"S",2.10996,0,5
10,-45,-60,-52.5,"S",NA,NA,NA
11,-60,-75,-67.5,"S",NA,NA,NA
12,-75,-90,-82.5,"S",NA,NA,NA
