"bin","max","min","mid","hemisphere","mean_richness","CI.Lower","CI.Upper"
1,90,75,82.5,"N",NA,NA,NA
2,75,60,67.5,"N",0.01,0,0
3,60,45,52.5,"N",0.81,0,3
4,45,30,37.5,"N",25.60799,21.243975,28.985275
5,30,15,22.5,"N",29.43716,26.168075,32.364325
6,15,0,7.5,"N",17.46658,11.185525,22.528975
7,0,-15,-7.5,"S",13.86303,7.459175,19.890525
8,-15,-30,-22.5,"S",9.1745,4,14.48815
9,-30,-45,-37.5,"S",NA,NA,NA
10,-45,-60,-52.5,"S",0.01,0,0
11,-60,-75,-67.5,"S",NA,NA,NA
12,-75,-90,-82.5,"S",NA,NA,NA
