"bin","max","min","mid","hemisphere","mean_richness","CI.Lower","CI.Upper"
1,90,75,82.5,"N",NA,NA,NA
2,75,60,67.5,"N",0.24,0,1.52499999999999
3,60,45,52.5,"N",2.11986,0,5
4,45,30,37.5,"N",22.78819,18.19175,27.6357
5,30,15,22.5,"N",28.29969,23.5518,31.744375
6,15,0,7.5,"N",28.63635,24.16885,32.100125
7,0,-15,-7.5,"S",8.76275,5,14.915975
8,-15,-30,-22.5,"S",2.97963,0,6.995
9,-30,-45,-37.5,"S",1.51,0,4
10,-45,-60,-52.5,"S",NA,NA,NA
11,-60,-75,-67.5,"S",0.08,0,1
12,-75,-90,-82.5,"S",NA,NA,NA
