"bin","max","min","mid","hemisphere","mean_richness","CI.Lower","CI.Upper"
1,90,75,82.5,"N",0.01,0,0
2,75,60,67.5,"N",0.67,0,3
3,60,45,52.5,"N",1.7,0,4
4,45,30,37.5,"N",18.49313,13.473425,23.4801
5,30,15,22.5,"N",26.36012,21.912925,30.211125
6,15,0,7.5,"N",30.55436,26.50625,33.68725
7,0,-15,-7.5,"S",10.7886,5.47405,15.95945
8,-15,-30,-22.5,"S",8.21966,3,13.659375
9,-30,-45,-37.5,"S",1.58,0,4
10,-45,-60,-52.5,"S",0.34,0,1
11,-60,-75,-67.5,"S",0.01,0,0
12,-75,-90,-82.5,"S",NA,NA,NA
