"bin","max","min","mid","hemisphere","mean_richness","CI.Lower","CI.Upper"
1,90,75,82.5,"N",NA,NA,NA
2,75,60,67.5,"N",0.03,0,0.524999999999991
3,60,45,52.5,"N",1.74998,0,5
4,45,30,37.5,"N",15.96469,10.48535,21.6568
5,30,15,22.5,"N",7.61644,3.474525,12.746475
6,15,0,7.5,"N",20.87385,16.13895,26.0813
7,0,-15,-7.5,"S",NA,NA,NA
8,-15,-30,-22.5,"S",NA,NA,NA
9,-30,-45,-37.5,"S",1.77995,0,4
10,-45,-60,-52.5,"S",0.48,0,2
11,-60,-75,-67.5,"S",NA,NA,NA
12,-75,-90,-82.5,"S",NA,NA,NA
