"bin","max","min","mid","hemisphere","mean_richness","CI.Lower","CI.Upper"
1,90,75,82.5,"N",NA,NA,NA
2,75,60,67.5,"N",0.08,0,1
3,60,45,52.5,"N",1.72,0,4.52499999999999
4,45,30,37.5,"N",22.21172,16.3385,27.292775
5,30,15,22.5,"N",16.48482,9.813125,21.6338
6,15,0,7.5,"N",25.95453,20.5464,30.76885
7,0,-15,-7.5,"S",7.36871,4,12.763675
8,-15,-30,-22.5,"S",NA,NA,NA
9,-30,-45,-37.5,"S",6.37569,2,11.32275
10,-45,-60,-52.5,"S",0.6,0,2
11,-60,-75,-67.5,"S",NA,NA,NA
12,-75,-90,-82.5,"S",NA,NA,NA
