"bin","max","min","mid","hemisphere","mean_richness","CI.Lower","CI.Upper"
1,90,75,82.5,"N",0.02,0,0
2,75,60,67.5,"N",0.05,0,1
3,60,45,52.5,"N",2.13999,0,5
4,45,30,37.5,"N",21.95373,15.30285,27.372225
5,30,15,22.5,"N",23.70355,19.43355,28.012675
6,15,0,7.5,"N",7.52358,2,12.28135
7,0,-15,-7.5,"S",5.58145,2,11.39485
8,-15,-30,-22.5,"S",17.64366,12.118825,23.600725
9,-30,-45,-37.5,"S",4.8503,1,9.948525
10,-45,-60,-52.5,"S",NA,NA,NA
11,-60,-75,-67.5,"S",NA,NA,NA
12,-75,-90,-82.5,"S",NA,NA,NA
