"bin","max","min","mid","hemisphere","mean_richness","CI.Lower","CI.Upper"
1,90,75,82.5,"N",NA,NA,NA
2,75,60,67.5,"N",0.36,0,1.52499999999999
3,60,45,52.5,"N",0.34,0,2
4,45,30,37.5,"N",24.68421,20.775425,28.09235
5,30,15,22.5,"N",23.81985,18.8907,28.1435
6,15,0,7.5,"N",14.90911,7.96755,20.378325
7,0,-15,-7.5,"S",10.18233,5,15.61405
8,-15,-30,-22.5,"S",21.87569,16.69025,26.6262
9,-30,-45,-37.5,"S",1.53,0,4
10,-45,-60,-52.5,"S",NA,NA,NA
11,-60,-75,-67.5,"S",NA,NA,NA
12,-75,-90,-82.5,"S",NA,NA,NA
