"bin","max","min","mid","hemisphere","mean_richness","CI.Lower","CI.Upper"
1,90,75,82.5,"N",NA,NA,NA
2,75,60,67.5,"N",0.13,0,1
3,60,45,52.5,"N",4.92564,1,8.963
4,45,30,37.5,"N",22.16594,17.22825,27.163325
5,30,15,22.5,"N",29.52588,24.587775,33.082975
6,15,0,7.5,"N",3.0196,0,7.51764999999999
7,0,-15,-7.5,"S",1.78995,0,5.52447499999999
8,-15,-30,-22.5,"S",NA,NA,NA
9,-30,-45,-37.5,"S",0.77,0,3
10,-45,-60,-52.5,"S",NA,NA,NA
11,-60,-75,-67.5,"S",NA,NA,NA
12,-75,-90,-82.5,"S",NA,NA,NA
