"bin","max","min","mid","hemisphere","mean_richness","CI.Lower","CI.Upper"
1,90,75,82.5,"N",NA,NA,NA
2,75,60,67.5,"N",0.64,0,2.52499999999999
3,60,45,52.5,"N",4.47777,1,8.6266
4,45,30,37.5,"N",24.4989,20.391525,28.577675
5,30,15,22.5,"N",30.59022,25.882425,34.194975
6,15,0,7.5,"N",13.24671,5.94715,19.635575
7,0,-15,-7.5,"S",1.03,0,3
8,-15,-30,-22.5,"S",0.97,0,3
9,-30,-45,-37.5,"S",NA,NA,NA
10,-45,-60,-52.5,"S",0.02,0,0
11,-60,-75,-67.5,"S",NA,NA,NA
12,-75,-90,-82.5,"S",NA,NA,NA
