"bin","max","min","mid","hemisphere","mean_richness","CI.Lower","CI.Upper"
1,90,75,82.5,"N",0.04,0,1
2,75,60,67.5,"N",0.18,0,1
3,60,45,52.5,"N",3.45511,0,7.92835
4,45,30,37.5,"N",25.37896,21.26095,29.4738
5,30,15,22.5,"N",32.3238,29.301225,34.615375
6,15,0,7.5,"N",6.23567,2.475,11.395075
7,0,-15,-7.5,"S",4.28882,1,7.991525
8,-15,-30,-22.5,"S",NA,NA,NA
9,-30,-45,-37.5,"S",2.07,0,5
10,-45,-60,-52.5,"S",NA,NA,NA
11,-60,-75,-67.5,"S",NA,NA,NA
12,-75,-90,-82.5,"S",NA,NA,NA
