"bin","max","min","mid","hemisphere","mean_richness","CI.Lower","CI.Upper"
1,90,75,82.5,"N",0.02,0,0
2,75,60,67.5,"N",0.01,0,0
3,60,45,52.5,"N",7.42491,2.999475,12.628125
4,45,30,37.5,"N",25.1257,20.75995,28.982975
5,30,15,22.5,"N",24.27387,18.07,28.53305
6,15,0,7.5,"N",16.08183,10.360625,21.2448
7,0,-15,-7.5,"S",1.11,0,3.52499999999999
8,-15,-30,-22.5,"S",NA,NA,NA
9,-30,-45,-37.5,"S",NA,NA,NA
10,-45,-60,-52.5,"S",0.12,0,1
11,-60,-75,-67.5,"S",0.01,0,0
12,-75,-90,-82.5,"S",NA,NA,NA
