"bin","max","min","mid","hemisphere","mean_richness","CI.Lower","CI.Upper"
1,90,75,82.5,"N",0.02,0,0
2,75,60,67.5,"N",0.05,0,1
3,60,45,52.5,"N",9.6255,4.98475,15.28
4,45,30,37.5,"N",30.1148,25.4885,33.8605
5,30,15,22.5,"N",29.1857,25.45075,32.641
6,15,0,7.5,"N",21.9587,15.85,26.69725
7,0,-15,-7.5,"S",3.2397,0,6.51974999999999
8,-15,-30,-22.5,"S",NA,NA,NA
9,-30,-45,-37.5,"S",2.1099,0,6
10,-45,-60,-52.5,"S",0.33,0,2
11,-60,-75,-67.5,"S",0.04,0,1
12,-75,-90,-82.5,"S",NA,NA,NA
