"bin","max","min","mid","hemisphere","mean_richness","CI.Lower","CI.Upper"
1,90,75,82.5,"N",NA,NA,NA
2,75,60,67.5,"N",NA,NA,NA
3,60,45,52.5,"N",3.31502,1,5.998575
4,45,30,37.5,"N",3.82811,0,7.51612499999999
5,30,15,22.5,"N",1.74,0,4
6,15,0,7.5,"N",19.98999,15.41115,24.000675
7,0,-15,-7.5,"S",27.2189,22.40395,31.400775
8,-15,-30,-22.5,"S",6.10512,2,9.951
9,-30,-45,-37.5,"S",1.37,0,3
10,-45,-60,-52.5,"S",0.44,0,2
11,-60,-75,-67.5,"S",NA,NA,NA
12,-75,-90,-82.5,"S",NA,NA,NA
