"bin","max","min","mid","hemisphere","mean_richness","CI.Lower","CI.Upper"
1,90,75,82.5,"N",NA,NA,NA
2,75,60,67.5,"N",0.53,0,2.52499999999999
3,60,45,52.5,"N",1.6,0,4
4,45,30,37.5,"N",14.3023,8.4431,19.429425
5,30,15,22.5,"N",31.26781,28.133425,33.8736
6,15,0,7.5,"N",33.31723,30.065025,35.6768
7,0,-15,-7.5,"S",16.5753,10.384775,22.813775
8,-15,-30,-22.5,"S",9.32752,5,13.616925
9,-30,-45,-37.5,"S",NA,NA,NA
10,-45,-60,-52.5,"S",NA,NA,NA
11,-60,-75,-67.5,"S",0.04,0,1
12,-75,-90,-82.5,"S",NA,NA,NA
