"bin","max","min","mid","hemisphere","mean_richness","CI.Lower","CI.Upper"
1,90,75,82.5,"N",0.06,0,1
2,75,60,67.5,"N",0.08,0,1
3,60,45,52.5,"N",1.41999,0,4
4,45,30,37.5,"N",7.43278,3,11.826675
5,30,15,22.5,"N",12.92557,7.453525,17.9467
6,15,0,7.5,"N",30.72722,26.2594,33.10075
7,0,-15,-7.5,"S",11.91423,5,17.513175
8,-15,-30,-22.5,"S",3.87926,0.475,7.9911
9,-30,-45,-37.5,"S",1.04,0,3.52499999999999
10,-45,-60,-52.5,"S",NA,NA,NA
11,-60,-75,-67.5,"S",NA,NA,NA
12,-75,-90,-82.5,"S",NA,NA,NA
