"bin","max","min","mid","hemisphere","mean_richness","CI.Lower","CI.Upper"
1,90,75,82.5,"N",0.02,0,0
2,75,60,67.5,"N",NA,NA,NA
3,60,45,52.5,"N",1.21,0,4
4,45,30,37.5,"N",9.87274,4,15.996675
5,30,15,22.5,"N",20.12916,14.83715,24.543025
6,15,0,7.5,"N",28.97201,25.13075,32.088275
7,0,-15,-7.5,"S",16.57552,9.885075,21.828675
8,-15,-30,-22.5,"S",6.91702,3,10.906725
9,-30,-45,-37.5,"S",NA,NA,NA
10,-45,-60,-52.5,"S",NA,NA,NA
11,-60,-75,-67.5,"S",0.09,0,1
12,-75,-90,-82.5,"S",NA,NA,NA
