"bin","max","min","mid","hemisphere","mean_richness","CI.Lower","CI.Upper"
1,90,75,82.5,"N",NA,NA,NA
2,75,60,67.5,"N",0.77,0,3
3,60,45,52.5,"N",3.1482,0,7
4,45,30,37.5,"N",22.8117,18.39125,27.3695
5,30,15,22.5,"N",36.6892,34.77,38.5105
6,15,0,7.5,"N",37.9712,36.35425,39.48
7,0,-15,-7.5,"S",26.0724,20.56275,30.67275
8,-15,-30,-22.5,"S",17.0269,9.9285,23.01875
9,-30,-45,-37.5,"S",NA,NA,NA
10,-45,-60,-52.5,"S",NA,NA,NA
11,-60,-75,-67.5,"S",0.23,0,2
12,-75,-90,-82.5,"S",NA,NA,NA
