"bin","max","min","mid","hemisphere","mean_richness","CI.Lower","CI.Upper"
1,90,75,82.5,"N",NA,NA,NA
2,75,60,67.5,"N",0.2,0,1.52499999999999
3,60,45,52.5,"N",7.44726,3,11.7577
4,45,30,37.5,"N",21.6994,15.4513,26.39845
5,30,15,22.5,"N",29.37265,26.215175,32.1059
6,15,0,7.5,"N",19.88783,13.985375,25.692175
7,0,-15,-7.5,"S",10.61586,4,16.071475
8,-15,-30,-22.5,"S",NA,NA,NA
9,-30,-45,-37.5,"S",2.12996,0,5
10,-45,-60,-52.5,"S",NA,NA,NA
11,-60,-75,-67.5,"S",0.04,0,1
12,-75,-90,-82.5,"S",NA,NA,NA
