"bin","max","min","mid","hemisphere","mean_richness","CI.Lower","CI.Upper"
1,90,75,82.5,"N",NA,NA,NA
2,75,60,67.5,"N",0.3,0,2
3,60,45,52.5,"N",11.17106,5.997475,15.564925
4,45,30,37.5,"N",21.40021,16.1494,26.48125
5,30,15,22.5,"N",24.49867,19.969025,28.96145
6,15,0,7.5,"N",16.78282,10.869275,22.578975
7,0,-15,-7.5,"S",3.34905,0,6.999
8,-15,-30,-22.5,"S",NA,NA,NA
9,-30,-45,-37.5,"S",NA,NA,NA
10,-45,-60,-52.5,"S",0.14,0,1
11,-60,-75,-67.5,"S",NA,NA,NA
12,-75,-90,-82.5,"S",0.01,0,0
