"bin","max","min","mid","hemisphere","mean_richness","CI.Lower","CI.Upper"
1,90,75,82.5,"N",0.01,0,0
2,75,60,67.5,"N",0.39,0,2
3,60,45,52.5,"N",11.38944,6.99695,15.78285
4,45,30,37.5,"N",24.1984,21.0435,29.29275
5,30,15,22.5,"N",27.60303,23.615025,31.56595
6,15,0,7.5,"N",20.12622,14.221625,25.306125
7,0,-15,-7.5,"S",8.59631000000001,3.475,14.001775
8,-15,-30,-22.5,"S",NA,NA,NA
9,-30,-45,-37.5,"S",NA,NA,NA
10,-45,-60,-52.5,"S",0.39,0,2
11,-60,-75,-67.5,"S",NA,NA,NA
12,-75,-90,-82.5,"S",NA,NA,NA
