"bin","max","min","mid","hemisphere","mean_richness","CI.Lower","CI.Upper"
1,90,75,82.5,"N",NA,NA,NA
2,75,60,67.5,"N",0.46,0,2
3,60,45,52.5,"N",12.61744,6.99095,18.323875
4,45,30,37.5,"N",25.83561,20.6321,28.913225
5,30,15,22.5,"N",27.83777,24.42805,31.257075
6,15,0,7.5,"N",23.28753,17.70595,28.46885
7,0,-15,-7.5,"S",10.57988,5,16.1874
8,-15,-30,-22.5,"S",NA,NA,NA
9,-30,-45,-37.5,"S",1.26,0,4
10,-45,-60,-52.5,"S",0.73,0,2
11,-60,-75,-67.5,"S",NA,NA,NA
12,-75,-90,-82.5,"S",NA,NA,NA
