"bin","max","min","mid","hemisphere","mean_richness","CI.Lower","CI.Upper"
1,90,75,82.5,"N",0.02,0,0
2,75,60,67.5,"N",NA,NA,NA
3,60,45,52.5,"N",0.36,0,2
4,45,30,37.5,"N",4.70968,1,9.8309
5,30,15,22.5,"N",8.657,3,13.574125
6,15,0,7.5,"N",19.60118,14.1244,23.943325
7,0,-15,-7.5,"S",29.13417,25.803975,32.48565
8,-15,-30,-22.5,"S",21.42729,17.496675,26.0393
9,-30,-45,-37.5,"S",5.23971,1.475,8.9493
10,-45,-60,-52.5,"S",0.53,0,2
11,-60,-75,-67.5,"S",NA,NA,NA
12,-75,-90,-82.5,"S",NA,NA,NA
