"bin","max","min","mid","hemisphere","mean_richness","CI.Lower","CI.Upper"
1,90,75,82.5,"N",NA,NA,NA
2,75,60,67.5,"N",0.04,0,0.524999999999991
3,60,45,52.5,"N",2.38975,0,5.52342499999999
4,45,30,37.5,"N",10.2991,5,15.328225
5,30,15,22.5,"N",12.19647,6.996475,16.949125
6,15,0,7.5,"N",6.20586,2,10.9181
7,0,-15,-7.5,"S",NA,NA,NA
8,-15,-30,-22.5,"S",NA,NA,NA
9,-30,-45,-37.5,"S",0.35,0,2
10,-45,-60,-52.5,"S",1.24992,0,4.999525
11,-60,-75,-67.5,"S",NA,NA,NA
12,-75,-90,-82.5,"S",NA,NA,NA
