"bin","max","min","mid","hemisphere","mean_richness","CI.Lower","CI.Upper"
1,90,75,82.5,"N",NA,NA,NA
2,75,60,67.5,"N",0.04,0,1
3,60,45,52.5,"N",4.6679,1,9.40624999999999
4,45,30,37.5,"N",22.7632,18.1175,27.34125
5,30,15,22.5,"N",23.8047,18.867,27.95775
6,15,0,7.5,"N",12.9501,6.46975,18.536
7,0,-15,-7.5,"S",NA,NA,NA
8,-15,-30,-22.5,"S",NA,NA,NA
9,-30,-45,-37.5,"S",0.64,0,2.52499999999999
10,-45,-60,-52.5,"S",3.5296,0.475,6.99525
11,-60,-75,-67.5,"S",0.09,0,1
12,-75,-90,-82.5,"S",NA,NA,NA
