"bin","max","min","mid","hemisphere","mean_richness","CI.Lower","CI.Upper"
1,90,75,82.5,"N",NA,NA,NA
2,75,60,67.5,"N",0.07,0,1
3,60,45,52.5,"N",3.48924,1,6.99505
4,45,30,37.5,"N",17.6002,11.6743,23.102575
5,30,15,22.5,"N",16.30007,10.363825,21.4022
6,15,0,7.5,"N",NA,NA,NA
7,0,-15,-7.5,"S",11.79744,6.4664,19.29655
8,-15,-30,-22.5,"S",1.52,0,4
9,-30,-45,-37.5,"S",NA,NA,NA
10,-45,-60,-52.5,"S",0.07,0,1
11,-60,-75,-67.5,"S",NA,NA,NA
12,-75,-90,-82.5,"S",NA,NA,NA
