"bin","max","min","mid","hemisphere","mean_richness","CI.Lower","CI.Upper"
1,90,75,82.5,"N",0.01,0,0
2,75,60,67.5,"N",0.03,0,0.524999999999991
3,60,45,52.5,"N",5.12896,1,9.891525
4,45,30,37.5,"N",18.51902,12.91305,23.354475
5,30,15,22.5,"N",16.50875,10.8099,22.206025
6,15,0,7.5,"N",9.31426,4,15.373125
7,0,-15,-7.5,"S",12.15605,5.46455,18.23265
8,-15,-30,-22.5,"S",1.38,0,4
9,-30,-45,-37.5,"S",NA,NA,NA
10,-45,-60,-52.5,"S",0.08,0,1
11,-60,-75,-67.5,"S",NA,NA,NA
12,-75,-90,-82.5,"S",NA,NA,NA
