"bin","max","min","mid","hemisphere","mean_richness","CI.Lower","CI.Upper"
1,90,75,82.5,"N",NA,NA,NA
2,75,60,67.5,"N",NA,NA,NA
3,60,45,52.5,"N",1.70993,0,4.998525
4,45,30,37.5,"N",25.52788,20.935825,28.7429
5,30,15,22.5,"N",19.96001,13.962125,24.251375
6,15,0,7.5,"N",5.37249,1,10.45115
7,0,-15,-7.5,"S",1.38,0,4
8,-15,-30,-22.5,"S",0.94,0,3
9,-30,-45,-37.5,"S",0.57,0,2.52499999999999
10,-45,-60,-52.5,"S",0.06,0,1
11,-60,-75,-67.5,"S",0.02,0,0
12,-75,-90,-82.5,"S",NA,NA,NA
