"bin","max","min","mid","hemisphere","mean_richness","CI.Lower","CI.Upper"
1,90,75,82.5,"N",0.02,0,0
2,75,60,67.5,"N",0.16,0,1
3,60,45,52.5,"N",NA,NA,NA
4,45,30,37.5,"N",18.53524,13.355125,23.7286
5,30,15,22.5,"N",19.16055,13.374375,24.6687
6,15,0,7.5,"N",16.35576,8.918775,21.9891
7,0,-15,-7.5,"S",NA,NA,NA
8,-15,-30,-22.5,"S",3.33919,1,7.51869999999999
9,-30,-45,-37.5,"S",NA,NA,NA
10,-45,-60,-52.5,"S",NA,NA,NA
11,-60,-75,-67.5,"S",0.02,0,0
12,-75,-90,-82.5,"S",NA,NA,NA
