"bin","max","min","mid","hemisphere","mean_richness","CI.Lower","CI.Upper"
1,90,75,82.5,"N",0.01,0,0
2,75,60,67.5,"N",0.06,0,1
3,60,45,52.5,"N",0.21,0,1
4,45,30,37.5,"N",21.43816,16.60405,26.9402
5,30,15,22.5,"N",28.39687,23.519725,31.919875
6,15,0,7.5,"N",12.50592,6.996475,18.323725
7,0,-15,-7.5,"S",4.35774,1,8.971575
8,-15,-30,-22.5,"S",5.97769,2,10.90905
9,-30,-45,-37.5,"S",0.98,0,3
10,-45,-60,-52.5,"S",NA,NA,NA
11,-60,-75,-67.5,"S",NA,NA,NA
12,-75,-90,-82.5,"S",NA,NA,NA
