"bin","max","min","mid","hemisphere","mean_richness","CI.Lower","CI.Upper"
1,90,75,82.5,"N",0.02,0,0
2,75,60,67.5,"N",0.31,0,2
3,60,45,52.5,"N",0.31,0,1
4,45,30,37.5,"N",25.4903,20.99265,29.46805
5,30,15,22.5,"N",26.32882,22.590325,29.6532
6,15,0,7.5,"N",24.48775,19.6874,29.184025
7,0,-15,-7.5,"S",NA,NA,NA
8,-15,-30,-22.5,"S",NA,NA,NA
9,-30,-45,-37.5,"S",NA,NA,NA
10,-45,-60,-52.5,"S",NA,NA,NA
11,-60,-75,-67.5,"S",0.03,0,0.524999999999991
12,-75,-90,-82.5,"S",NA,NA,NA
