"bin","max","min","mid","hemisphere","mean_richness","CI.Lower","CI.Upper"
1,90,75,82.5,"N",NA,NA,NA
2,75,60,67.5,"N",0.15,0,1
3,60,45,52.5,"N",0.23,0,1
4,45,30,37.5,"N",27.3186,22.5065,31.01825
5,30,15,22.5,"N",35.0436,32.469,37.4815
6,15,0,7.5,"N",20.1225,13.4335,25.517
7,0,-15,-7.5,"S",7.4407,3,13.26825
8,-15,-30,-22.5,"S",10.0782,5.475,15.8095
9,-30,-45,-37.5,"S",3.767,0,8.96525
10,-45,-60,-52.5,"S",NA,NA,NA
11,-60,-75,-67.5,"S",0.01,0,0
12,-75,-90,-82.5,"S",NA,NA,NA
