"bin","max","min","mid","hemisphere","mean_richness","CI.Lower","CI.Upper"
1,90,75,82.5,"N",NA,NA,NA
2,75,60,67.5,"N",NA,NA,NA
3,60,45,52.5,"N",2.16999,0,5
4,45,30,37.5,"N",16.12582,10.784825,21.72615
5,30,15,22.5,"N",9.11549,4.475,15.274375
6,15,0,7.5,"N",NA,NA,NA
7,0,-15,-7.5,"S",1.61991,0,4
8,-15,-30,-22.5,"S",3.41965,1,6.997525
9,-30,-45,-37.5,"S",2.12987,0,5.997525
10,-45,-60,-52.5,"S",0.37,0,2
11,-60,-75,-67.5,"S",NA,NA,NA
12,-75,-90,-82.5,"S",NA,NA,NA
