"bin","max","min","mid","hemisphere","mean_richness","CI.Lower","CI.Upper"
1,90,75,82.5,"N",NA,NA,NA
2,75,60,67.5,"N",0.01,0,0
3,60,45,52.5,"N",0.71,0,3
4,45,30,37.5,"N",22.0822,17.8237,25.844625
5,30,15,22.5,"N",12.00076,6.98785,17.675425
6,15,0,7.5,"N",NA,NA,NA
7,0,-15,-7.5,"S",NA,NA,NA
8,-15,-30,-22.5,"S",3.05984,1,5.999525
9,-30,-45,-37.5,"S",2.28972,0,5.99135
10,-45,-60,-52.5,"S",0.12,0,1
11,-60,-75,-67.5,"S",NA,NA,NA
12,-75,-90,-82.5,"S",NA,NA,NA
