"bin","max","min","mid","hemisphere","mean_richness","CI.Lower","CI.Upper"
1,90,75,82.5,"N",0.02,0,0
2,75,60,67.5,"N",0.05,0,1
3,60,45,52.5,"N",2.28925,0,5.977575
4,45,30,37.5,"N",2.48995,0,5
5,30,15,22.5,"N",5.33413,2,9.46194999999999
6,15,0,7.5,"N",5.48477,2,8.98005
7,0,-15,-7.5,"S",26.30337,22.003225,30.40555
8,-15,-30,-22.5,"S",11.40036,4.9854,15.990525
9,-30,-45,-37.5,"S",3.10839,0,6.99415
10,-45,-60,-52.5,"S",NA,NA,NA
11,-60,-75,-67.5,"S",NA,NA,NA
12,-75,-90,-82.5,"S",NA,NA,NA
