"bin","max","min","mid","hemisphere","mean_richness","CI.Lower","CI.Upper"
1,90,75,82.5,"N",0.05,0,1
2,75,60,67.5,"N",NA,NA,NA
3,60,45,52.5,"N",3.08798,0,6.99315
4,45,30,37.5,"N",2.98353,0,7.8556
5,30,15,22.5,"N",6.03785,2,10.89905
6,15,0,7.5,"N",NA,NA,NA
7,0,-15,-7.5,"S",32.11723,29.082375,34.858325
8,-15,-30,-22.5,"S",16.23357,11.365275,21.7433
9,-30,-45,-37.5,"S",6.25505,2,10.3431
10,-45,-60,-52.5,"S",NA,NA,NA
11,-60,-75,-67.5,"S",NA,NA,NA
12,-75,-90,-82.5,"S",0.01,0,0
