"bin","max","min","mid","hemisphere","mean_richness","CI.Lower","CI.Upper"
1,90,75,82.5,"N",NA,NA,NA
2,75,60,67.5,"N",NA,NA,NA
3,60,45,52.5,"N",NA,NA,NA
4,45,30,37.5,"N",19.08974,14.092025,23.028925
5,30,15,22.5,"N",12.43768,5.989225,18.601075
6,15,0,7.5,"N",23.80134,18.517575,28.1623
7,0,-15,-7.5,"S",26.99326,22.928125,30.223725
8,-15,-30,-22.5,"S",NA,NA,NA
9,-30,-45,-37.5,"S",16.52432,9.841475,21.23965
10,-45,-60,-52.5,"S",0.38,0,2
11,-60,-75,-67.5,"S",0.32,0,2
12,-75,-90,-82.5,"S",NA,NA,NA
