"bin","max","min","mid","hemisphere","mean_richness","CI.Lower","CI.Upper"
1,90,75,82.5,"N",NA,NA,NA
2,75,60,67.5,"N",0.11,0,1
3,60,45,52.5,"N",1.25,0,4
4,45,30,37.5,"N",19.38074,14.385925,24.103925
5,30,15,22.5,"N",26.96473,22.8688,30.387125
6,15,0,7.5,"N",6.47236,2,11.833925
7,0,-15,-7.5,"S",28.703,24.351725,32.524475
8,-15,-30,-22.5,"S",12.60443,6.982275,16.7805
9,-30,-45,-37.5,"S",NA,NA,NA
10,-45,-60,-52.5,"S",NA,NA,NA
11,-60,-75,-67.5,"S",NA,NA,NA
12,-75,-90,-82.5,"S",NA,NA,NA
