"bin","max","min","mid","hemisphere","mean_richness","CI.Lower","CI.Upper"
1,90,75,82.5,"N",NA,NA,NA
2,75,60,67.5,"N",NA,NA,NA
3,60,45,52.5,"N",1.03999,0,3.999525
4,45,30,37.5,"N",13.97018,8.83595,19.06
5,30,15,22.5,"N",20.21529,15.668025,25.53045
6,15,0,7.5,"N",13.74586,8.41915,18.556125
7,0,-15,-7.5,"S",22.96384,16.928775,29.5232
8,-15,-30,-22.5,"S",7.20633,3,13.932825
9,-30,-45,-37.5,"S",1.54,0,4
10,-45,-60,-52.5,"S",NA,NA,NA
11,-60,-75,-67.5,"S",NA,NA,NA
12,-75,-90,-82.5,"S",NA,NA,NA
