"bin","max","min","mid","hemisphere","mean_richness","CI.Lower","CI.Upper"
1,90,75,82.5,"N",NA,NA,NA
2,75,60,67.5,"N",0.03,0,0.524999999999991
3,60,45,52.5,"N",0.89999,0,4
4,45,30,37.5,"N",13.48525,8.400025,18.022025
5,30,15,22.5,"N",23.49929,18.539275,28.17205
6,15,0,7.5,"N",5.96559,2,11.39935
7,0,-15,-7.5,"S",17.35564,10.380525,24.298575
8,-15,-30,-22.5,"S",6.00593,2,11.3344
9,-30,-45,-37.5,"S",NA,NA,NA
10,-45,-60,-52.5,"S",NA,NA,NA
11,-60,-75,-67.5,"S",NA,NA,NA
12,-75,-90,-82.5,"S",NA,NA,NA
