"bin","max","min","mid","hemisphere","mean_richness","CI.Lower","CI.Upper"
1,90,75,82.5,"N",0.01,0,0
2,75,60,67.5,"N",0.23,0,1.52499999999999
3,60,45,52.5,"N",4.386,0,8.99525
4,45,30,37.5,"N",20.7186,15.787,25.374
5,30,15,22.5,"N",33.39,30.71375,36.09225
6,15,0,7.5,"N",36.524,34.157,38.221
7,0,-15,-7.5,"S",26.8724,22.11375,30.97775
8,-15,-30,-22.5,"S",10.0824,5,15.6955
9,-30,-45,-37.5,"S",2.6799,0,7
10,-45,-60,-52.5,"S",NA,NA,NA
11,-60,-75,-67.5,"S",0.05,0,1
12,-75,-90,-82.5,"S",NA,NA,NA
