"bin","max","min","mid","hemisphere","mean_richness","CI.Lower","CI.Upper"
1,90,75,82.5,"N",NA,NA,NA
2,75,60,67.5,"N",NA,NA,NA
3,60,45,52.5,"N",2.5099,0,6
4,45,30,37.5,"N",22.5494,16.846,26.2405
5,30,15,22.5,"N",15.6336,9.436,21.661
6,15,0,7.5,"N",14.8809,8,20.474
7,0,-15,-7.5,"S",7.7518,3,12.7335
8,-15,-30,-22.5,"S",5.7797,1,9.96525
9,-30,-45,-37.5,"S",4.5978,1,7.98525
10,-45,-60,-52.5,"S",0.42,0,2
11,-60,-75,-67.5,"S",NA,NA,NA
12,-75,-90,-82.5,"S",NA,NA,NA
