"bin","max","min","mid","hemisphere","mean_richness","CI.Lower","CI.Upper"
1,90,75,82.5,"N",NA,NA,NA
2,75,60,67.5,"N",NA,NA,NA
3,60,45,52.5,"N",0.2,0,1
4,45,30,37.5,"N",12.7163,7.456275,18.808425
5,30,15,22.5,"N",8.60832,4,13.692975
6,15,0,7.5,"N",3.20956,0,6.52499999999999
7,0,-15,-7.5,"S",4.31869,1,8.50497499999999
8,-15,-30,-22.5,"S",1.36,0,4
9,-30,-45,-37.5,"S",1.48,0,4.52499999999999
10,-45,-60,-52.5,"S",0.24,0,1
11,-60,-75,-67.5,"S",NA,NA,NA
12,-75,-90,-82.5,"S",NA,NA,NA
