"bin","max","min","mid","hemisphere","mean_richness","CI.Lower","CI.Upper"
1,90,75,82.5,"N",NA,NA,NA
2,75,60,67.5,"N",0.03,0,0.524999999999991
3,60,45,52.5,"N",0.68,0,3
4,45,30,37.5,"N",13.65873,9.27635,18.066675
5,30,15,22.5,"N",8.45401,4,14.315725
6,15,0,7.5,"N",3.08933,0,6.52289999999999
7,0,-15,-7.5,"S",3.33967,0,6.996
8,-15,-30,-22.5,"S",NA,NA,NA
9,-30,-45,-37.5,"S",2.03999,0,4
10,-45,-60,-52.5,"S",0.28,0,1
11,-60,-75,-67.5,"S",NA,NA,NA
12,-75,-90,-82.5,"S",NA,NA,NA
