"bin","max","min","mid","hemisphere","mean_richness","CI.Lower","CI.Upper"
1,90,75,82.5,"N",NA,NA,NA
2,75,60,67.5,"N",NA,NA,NA
3,60,45,52.5,"N",0.76,0,3
4,45,30,37.5,"N",21.84535,16.23615,26.6804
5,30,15,22.5,"N",22.14434,15.41975,27.050375
6,15,0,7.5,"N",27.33938,23.485175,30.017775
7,0,-15,-7.5,"S",3.72795,0,8.49432499999999
8,-15,-30,-22.5,"S",0.97,0,3
9,-30,-45,-37.5,"S",0.28,0,2
10,-45,-60,-52.5,"S",0.01,0,0
11,-60,-75,-67.5,"S",0.05,0,1
12,-75,-90,-82.5,"S",NA,NA,NA
