"bin","max","min","mid","hemisphere","mean_richness","CI.Lower","CI.Upper"
1,90,75,82.5,"N",NA,NA,NA
2,75,60,67.5,"N",NA,NA,NA
3,60,45,52.5,"N",0.57,0,2.52499999999999
4,45,30,37.5,"N",21.17547,15.7569,25.4643
5,30,15,22.5,"N",12.73168,5.99895,19.125
6,15,0,7.5,"N",19.09585,13.3271,24.010475
7,0,-15,-7.5,"S",1.56999,0,4.52447499999999
8,-15,-30,-22.5,"S",1.55995,0,4
9,-30,-45,-37.5,"S",0.28,0,2
10,-45,-60,-52.5,"S",0.09,0,1
11,-60,-75,-67.5,"S",NA,NA,NA
12,-75,-90,-82.5,"S",NA,NA,NA
