"bin","max","min","mid","hemisphere","mean_richness","CI.Lower","CI.Upper"
1,90,75,82.5,"N",NA,NA,NA
2,75,60,67.5,"N",NA,NA,NA
3,60,45,52.5,"N",1.98999,0,4
4,45,30,37.5,"N",15.46786,8.976325,20.65375
5,30,15,22.5,"N",32.05054,28.5939,34.804775
6,15,0,7.5,"N",21.34016,14.501375,26.161375
7,0,-15,-7.5,"S",1.44,0,4
8,-15,-30,-22.5,"S",NA,NA,NA
9,-30,-45,-37.5,"S",0.36,0,2
10,-45,-60,-52.5,"S",0.12,0,1
11,-60,-75,-67.5,"S",0.01,0,0
12,-75,-90,-82.5,"S",NA,NA,NA
