"bin","max","min","mid","hemisphere","mean_richness","CI.Lower","CI.Upper"
1,90,75,82.5,"N",NA,NA,NA
2,75,60,67.5,"N",0.01,0,0
3,60,45,52.5,"N",4.2856,1,8.97575
4,45,30,37.5,"N",23.8795,19.23225,28.272
5,30,15,22.5,"N",36.2553,33.549,38.42
6,15,0,7.5,"N",32.5139,28.78425,35.47625
7,0,-15,-7.5,"S",8.31590000000001,3,14.34225
8,-15,-30,-22.5,"S",NA,NA,NA
9,-30,-45,-37.5,"S",1.5599,0,4
10,-45,-60,-52.5,"S",0.25,0,1.52499999999999
11,-60,-75,-67.5,"S",0.04,0,1
12,-75,-90,-82.5,"S",NA,NA,NA
