"bin","max","min","mid","hemisphere","mean_richness","CI.Lower","CI.Upper"
1,90,75,82.5,"N",0.01,0,0
2,75,60,67.5,"N",NA,NA,NA
3,60,45,52.5,"N",1.50995,0,4
4,45,30,37.5,"N",31.31568,28.454025,33.69415
5,30,15,22.5,"N",35.64047,33.103125,37.7465
6,15,0,7.5,"N",25.54683,20.538775,29.565425
7,0,-15,-7.5,"S",6.03021,2,10.440975
8,-15,-30,-22.5,"S",11.91073,6.9897,17.7946
9,-30,-45,-37.5,"S",4.1066,1,7.869125
10,-45,-60,-52.5,"S",0.16,0,1
11,-60,-75,-67.5,"S",0.09,0,1
12,-75,-90,-82.5,"S",NA,NA,NA
