"bin","max","min","mid","hemisphere","mean_richness","CI.Lower","CI.Upper"
1,90,75,82.5,"N",NA,NA,NA
2,75,60,67.5,"N",NA,NA,NA
3,60,45,52.5,"N",1.47,0,5
4,45,30,37.5,"N",19.8835,15.57125,24.83875
5,30,15,22.5,"N",17.6539,11.728,23.42
6,15,0,7.5,"N",16.6972,10.80375,21.821
7,0,-15,-7.5,"S",18.8767,11.32275,25.60425
8,-15,-30,-22.5,"S",NA,NA,NA
9,-30,-45,-37.5,"S",5.0341,2,9.44774999999999
10,-45,-60,-52.5,"S",NA,NA,NA
11,-60,-75,-67.5,"S",0.07,0,1
12,-75,-90,-82.5,"S",NA,NA,NA
