"bin","max","min","mid","hemisphere","mean_richness","CI.Lower","CI.Upper"
1,90,75,82.5,"N",NA,NA,NA
2,75,60,67.5,"N",NA,NA,NA
3,60,45,52.5,"N",0.57,0,2
4,45,30,37.5,"N",10.57884,5.9849,17.109625
5,30,15,22.5,"N",4.98539,1,9.9223
6,15,0,7.5,"N",8.65693000000001,3.475,14.340225
7,0,-15,-7.5,"S",8.68846,2,13.634075
8,-15,-30,-22.5,"S",NA,NA,NA
9,-30,-45,-37.5,"S",0.48,0,2
10,-45,-60,-52.5,"S",NA,NA,NA
11,-60,-75,-67.5,"S",0.03,0,0.524999999999991
12,-75,-90,-82.5,"S",NA,NA,NA
