"bin","max","min","mid","hemisphere","mean_richness","CI.Lower","CI.Upper"
1,90,75,82.5,"N",NA,NA,NA
2,75,60,67.5,"N",NA,NA,NA
3,60,45,52.5,"N",0.57,0,2
4,45,30,37.5,"N",9.33178,4.473575,14.5338
5,30,15,22.5,"N",3.63903,0,7.51537499999999
6,15,0,7.5,"N",13.96907,9.387775,19.48555
7,0,-15,-7.5,"S",5.57165,2,10.896725
8,-15,-30,-22.5,"S",0.51,0,2
9,-30,-45,-37.5,"S",1.4,0,4
10,-45,-60,-52.5,"S",0.21,0,1
11,-60,-75,-67.5,"S",0.03,0,0.524999999999991
12,-75,-90,-82.5,"S",NA,NA,NA
