"bin","max","min","mid","hemisphere","mean_richness","CI.Lower","CI.Upper"
1,90,75,82.5,"N",NA,NA,NA
2,75,60,67.5,"N",NA,NA,NA
3,60,45,52.5,"N",0.66,0,2.52499999999999
4,45,30,37.5,"N",10.54009,5,15.144275
5,30,15,22.5,"N",7.28742,3,11.85215
6,15,0,7.5,"N",6.25013,1,10.920525
7,0,-15,-7.5,"S",8.83732,4.999,13.6535
8,-15,-30,-22.5,"S",NA,NA,NA
9,-30,-45,-37.5,"S",0.31,0,1.52499999999999
10,-45,-60,-52.5,"S",NA,NA,NA
11,-60,-75,-67.5,"S",0.01,0,0
12,-75,-90,-82.5,"S",NA,NA,NA
