"bin","max","min","mid","hemisphere","mean_richness","CI.Lower","CI.Upper"
1,90,75,82.5,"N",NA,NA,NA
2,75,60,67.5,"N",0.18,0,1
3,60,45,52.5,"N",3.24849,0,5.999
4,45,30,37.5,"N",7.95391,3.999475,13.788175
5,30,15,22.5,"N",26.33409,22.13555,30.1369
6,15,0,7.5,"N",28.43656,24.7969,30.951275
7,0,-15,-7.5,"S",25.94153,22.015075,28.73835
8,-15,-30,-22.5,"S",6.46111,2,11.851675
9,-30,-45,-37.5,"S",NA,NA,NA
10,-45,-60,-52.5,"S",NA,NA,NA
11,-60,-75,-67.5,"S",0.05,0,1
12,-75,-90,-82.5,"S",NA,NA,NA
