"bin","max","min","mid","hemisphere","mean_richness","CI.Lower","CI.Upper"
1,90,75,82.5,"N",NA,NA,NA
2,75,60,67.5,"N",0.05,0,1
3,60,45,52.5,"N",1.56993,0,4
4,45,30,37.5,"N",3.60899,1,7.51832499999999
5,30,15,22.5,"N",23.45042,17.821,27.834475
6,15,0,7.5,"N",24.24687,18.725675,28.8486
7,0,-15,-7.5,"S",19.904,14.26925,23.81915
8,-15,-30,-22.5,"S",3.0997,0,6.99805
9,-30,-45,-37.5,"S",NA,NA,NA
10,-45,-60,-52.5,"S",NA,NA,NA
11,-60,-75,-67.5,"S",NA,NA,NA
12,-75,-90,-82.5,"S",NA,NA,NA
