"bin","max","min","mid","hemisphere","mean_richness","CI.Lower","CI.Upper"
1,90,75,82.5,"N",NA,NA,NA
2,75,60,67.5,"N",NA,NA,NA
3,60,45,52.5,"N",1.95985,0,5
4,45,30,37.5,"N",5.13349,1,9.913575
5,30,15,22.5,"N",4.35343,1,9.48834999999999
6,15,0,7.5,"N",13.44359,7.988425,19.04065
7,0,-15,-7.5,"S",18.39018,11.658425,23.8455
8,-15,-30,-22.5,"S",9.14923,5,14.52725
9,-30,-45,-37.5,"S",2.40985,0,5.998
10,-45,-60,-52.5,"S",NA,NA,NA
11,-60,-75,-67.5,"S",NA,NA,NA
12,-75,-90,-82.5,"S",NA,NA,NA
