"bin","max","min","mid","hemisphere","mean_richness","CI.Lower","CI.Upper"
1,90,75,82.5,"N",NA,NA,NA
2,75,60,67.5,"N",NA,NA,NA
3,60,45,52.5,"N",1.11999,0,3.52499999999999
4,45,30,37.5,"N",3.30786,0,6.52079999999999
5,30,15,22.5,"N",7.7446,2.475,14.4903
6,15,0,7.5,"N",NA,NA,NA
7,0,-15,-7.5,"S",13.33523,7.459725,19.180125
8,-15,-30,-22.5,"S",2.87985,0.475,6
9,-30,-45,-37.5,"S",0.68,0,3
10,-45,-60,-52.5,"S",NA,NA,NA
11,-60,-75,-67.5,"S",NA,NA,NA
12,-75,-90,-82.5,"S",NA,NA,NA
