"bin","max","min","mid","hemisphere","mean_richness","CI.Lower","CI.Upper"
1,90,75,82.5,"N",NA,NA,NA
2,75,60,67.5,"N",0.25,0,1
3,60,45,52.5,"N",0.07,0,1
4,45,30,37.5,"N",20.54757,14.5568,25.17695
5,30,15,22.5,"N",25.80692,22.11145,29.79675
6,15,0,7.5,"N",13.74706,7.99095,19.802325
7,0,-15,-7.5,"S",24.05625,18.59895,28.2586
8,-15,-30,-22.5,"S",22.60335,17.87965,27.81965
9,-30,-45,-37.5,"S",4.09857,1,7.9891
10,-45,-60,-52.5,"S",NA,NA,NA
11,-60,-75,-67.5,"S",NA,NA,NA
12,-75,-90,-82.5,"S",NA,NA,NA
