"bin","max","min","mid","hemisphere","mean_richness","CI.Lower","CI.Upper"
1,90,75,82.5,"N",0.01,0,0
2,75,60,67.5,"N",NA,NA,NA
3,60,45,52.5,"N",3.2975,0,7
4,45,30,37.5,"N",24.8665,19.53975,29.5435
5,30,15,22.5,"N",29.6048,26.0815,32.60825
6,15,0,7.5,"N",16.623,10.93475,21.99625
7,0,-15,-7.5,"S",25.0531,20.80575,28.1155
8,-15,-30,-22.5,"S",26.1154,22.258,29.2425
9,-30,-45,-37.5,"S",8.2747,4,14.471
10,-45,-60,-52.5,"S",0.92,0,3
11,-60,-75,-67.5,"S",NA,NA,NA
12,-75,-90,-82.5,"S",NA,NA,NA
