"bin","max","min","mid","hemisphere","mean_richness","CI.Lower","CI.Upper"
1,90,75,82.5,"N",NA,NA,NA
2,75,60,67.5,"N",0.03,0,0
3,60,45,52.5,"N",1.29999,0,3.999525
4,45,30,37.5,"N",17.59144,11.088025,23.404725
5,30,15,22.5,"N",16.54139,9.91055,21.6565
6,15,0,7.5,"N",18.91286,12.19355,25.457
7,0,-15,-7.5,"S",23.92354,18.877575,28.4845
8,-15,-30,-22.5,"S",NA,NA,NA
9,-30,-45,-37.5,"S",5.8709,2,9.70555
10,-45,-60,-52.5,"S",NA,NA,NA
11,-60,-75,-67.5,"S",NA,NA,NA
12,-75,-90,-82.5,"S",NA,NA,NA
