"bin","max","min","mid","hemisphere","mean_richness","CI.Lower","CI.Upper"
1,90,75,82.5,"N",NA,NA,NA
2,75,60,67.5,"N",0.03,0,0
3,60,45,52.5,"N",1.17,0,3
4,45,30,37.5,"N",13.29901,7.9628,18.51595
5,30,15,22.5,"N",17.2475,11.28245,22.59
6,15,0,7.5,"N",10.14622,4.999475,16.110525
7,0,-15,-7.5,"S",13.23085,7.466675,19.00025
8,-15,-30,-22.5,"S",NA,NA,NA
9,-30,-45,-37.5,"S",2.43999,0,5.52447499999999
10,-45,-60,-52.5,"S",0.02,0,0
11,-60,-75,-67.5,"S",NA,NA,NA
12,-75,-90,-82.5,"S",NA,NA,NA
