"bin","max","min","mid","hemisphere","mean_richness","CI.Lower","CI.Upper"
1,90,75,82.5,"N",NA,NA,NA
2,75,60,67.5,"N",0.07,0,1
3,60,45,52.5,"N",3.6679,0.475,7.98
4,45,30,37.5,"N",25.6905,19.9575,29.9125
5,30,15,22.5,"N",26.782,22.092,31.0095
6,15,0,7.5,"N",22.6011,16.16075,27.09625
7,0,-15,-7.5,"S",23.5875,18.72275,28.52275
8,-15,-30,-22.5,"S",NA,NA,NA
9,-30,-45,-37.5,"S",10.9108,5.92625,15.63
10,-45,-60,-52.5,"S",0.13,0,1
11,-60,-75,-67.5,"S",NA,NA,NA
12,-75,-90,-82.5,"S",NA,NA,NA
