"bin","max","min","mid","hemisphere","mean_richness","CI.Lower","CI.Upper"
1,90,75,82.5,"N",NA,NA,NA
2,75,60,67.5,"N",0.03,0,0
3,60,45,52.5,"N",1.32,0,4
4,45,30,37.5,"N",17.5856,10.3435,23.120625
5,30,15,22.5,"N",13.78988,6.990175,18.527925
6,15,0,7.5,"N",13.07229,6.991475,19.801275
7,0,-15,-7.5,"S",21.33681,15.552175,26.32145
8,-15,-30,-22.5,"S",NA,NA,NA
9,-30,-45,-37.5,"S",4.31458,1,7.948325
10,-45,-60,-52.5,"S",NA,NA,NA
11,-60,-75,-67.5,"S",NA,NA,NA
12,-75,-90,-82.5,"S",NA,NA,NA
