"bin","max","min","mid","hemisphere","mean_richness","CI.Lower","CI.Upper"
1,90,75,82.5,"N",NA,NA,NA
2,75,60,67.5,"N",0.03,0,0.524999999999991
3,60,45,52.5,"N",6.05445,2.475,11.309275
4,45,30,37.5,"N",30.75023,27.3741,33.738575
5,30,15,22.5,"N",30.51131,26.755375,33.109925
6,15,0,7.5,"N",2.33999,0,5
7,0,-15,-7.5,"S",NA,NA,NA
8,-15,-30,-22.5,"S",3.53848,1,6.995625
9,-30,-45,-37.5,"S",NA,NA,NA
10,-45,-60,-52.5,"S",NA,NA,NA
11,-60,-75,-67.5,"S",NA,NA,NA
12,-75,-90,-82.5,"S",NA,NA,NA
