"bin","max","min","mid","hemisphere","mean_richness","CI.Lower","CI.Upper"
1,90,75,82.5,"N",0.06,0,1
2,75,60,67.5,"N",0.3,0,2
3,60,45,52.5,"N",13.4577,8.41275,18.82175
4,45,30,37.5,"N",33.1211,29.3995,35.471
5,30,15,22.5,"N",33.0273,29.7775,35.4575
6,15,0,7.5,"N",13.2674,7,18.448
7,0,-15,-7.5,"S",NA,NA,NA
8,-15,-30,-22.5,"S",19.3548,13.20025,24.57375
9,-30,-45,-37.5,"S",7.8661,3,13.6045
10,-45,-60,-52.5,"S",0.58,0,2
11,-60,-75,-67.5,"S",NA,NA,NA
12,-75,-90,-82.5,"S",0.03,0,0.524999999999991
