"bin","max","min","mid","hemisphere","mean_richness","CI.Lower","CI.Upper"
1,90,75,82.5,"N",NA,NA,NA
2,75,60,67.5,"N",0.24,0,1
3,60,45,52.5,"N",7.9628,3,12.6161
4,45,30,37.5,"N",26.79239,22.53905,30.9324
5,30,15,22.5,"N",25.14194,20.49875,29.222125
6,15,0,7.5,"N",3.4296,0,7
7,0,-15,-7.5,"S",NA,NA,NA
8,-15,-30,-22.5,"S",9.26319,3.475,14.90405
9,-30,-45,-37.5,"S",3.8135,0,8.935275
10,-45,-60,-52.5,"S",0.21,0,1.52499999999999
11,-60,-75,-67.5,"S",NA,NA,NA
12,-75,-90,-82.5,"S",NA,NA,NA
