"bin","max","min","mid","hemisphere","mean_richness","CI.Lower","CI.Upper"
1,90,75,82.5,"N",NA,NA,NA
2,75,60,67.5,"N",NA,NA,NA
3,60,45,52.5,"N",5.27321,2,9.47049999999999
4,45,30,37.5,"N",15.58714,8.4002,21.294375
5,30,15,22.5,"N",24.86732,19.648775,29.4311
6,15,0,7.5,"N",24.78394,18.34795,29.2453
7,0,-15,-7.5,"S",NA,NA,NA
8,-15,-30,-22.5,"S",0.77,0,2.52499999999999
9,-30,-45,-37.5,"S",0.56,0,2
10,-45,-60,-52.5,"S",1.60996,0,4
11,-60,-75,-67.5,"S",0.01,0,0
12,-75,-90,-82.5,"S",NA,NA,NA
