"bin","max","min","mid","hemisphere","mean_richness","CI.Lower","CI.Upper"
1,90,75,82.5,"N",NA,NA,NA
2,75,60,67.5,"N",NA,NA,NA
3,60,45,52.5,"N",5.38854,1,8.975575
4,45,30,37.5,"N",27.11067,22.6581,31.03965
5,30,15,22.5,"N",17.87902,12.9126,22.99185
6,15,0,7.5,"N",17.45119,13.182125,22.521575
7,0,-15,-7.5,"S",3.73909,1,6.998525
8,-15,-30,-22.5,"S",NA,NA,NA
9,-30,-45,-37.5,"S",0.41,0,2
10,-45,-60,-52.5,"S",2.30959,0,5.51344999999999
11,-60,-75,-67.5,"S",0.04,0,1
12,-75,-90,-82.5,"S",NA,NA,NA
