"bin","max","min","mid","hemisphere","mean_richness","CI.Lower","CI.Upper"
1,90,75,82.5,"N",NA,NA,NA
2,75,60,67.5,"N",0.17,0,1
3,60,45,52.5,"N",5.4055,2.475,9.889125
4,45,30,37.5,"N",29.69818,26.37675,32.00355
5,30,15,22.5,"N",8.37479,3.475,12.768775
6,15,0,7.5,"N",28.64962,24.990925,31.838875
7,0,-15,-7.5,"S",NA,NA,NA
8,-15,-30,-22.5,"S",NA,NA,NA
9,-30,-45,-37.5,"S",1.65998,0,4.999525
10,-45,-60,-52.5,"S",1.29998,0,4
11,-60,-75,-67.5,"S",NA,NA,NA
12,-75,-90,-82.5,"S",NA,NA,NA
