"bin","max","min","mid","hemisphere","mean_richness","CI.Lower","CI.Upper"
1,90,75,82.5,"N",NA,NA,NA
2,75,60,67.5,"N",0.06,0,1
3,60,45,52.5,"N",7.00444,2.473575,11.08155
4,45,30,37.5,"N",27.12752,22.4864,30.842975
5,30,15,22.5,"N",9.92536,4,15.369375
6,15,0,7.5,"N",18.42199,11.802125,23.862125
7,0,-15,-7.5,"S",NA,NA,NA
8,-15,-30,-22.5,"S",NA,NA,NA
9,-30,-45,-37.5,"S",0.29,0,2
10,-45,-60,-52.5,"S",0.86,0,2
11,-60,-75,-67.5,"S",NA,NA,NA
12,-75,-90,-82.5,"S",NA,NA,NA
