"bin","max","min","mid","hemisphere","mean_richness","CI.Lower","CI.Upper"
1,90,75,82.5,"N",NA,NA,NA
2,75,60,67.5,"N",0.07,0,1
3,60,45,52.5,"N",3.50893,0,7.50624999999999
4,45,30,37.5,"N",13.84616,8.77815,19.07635
5,30,15,22.5,"N",24.61643,18.997225,29.062475
6,15,0,7.5,"N",16.3344,10.9019,22.0642
7,0,-15,-7.5,"S",NA,NA,NA
8,-15,-30,-22.5,"S",7.87964,3,14.118175
9,-30,-45,-37.5,"S",NA,NA,NA
10,-45,-60,-52.5,"S",NA,NA,NA
11,-60,-75,-67.5,"S",0.02,0,0
12,-75,-90,-82.5,"S",NA,NA,NA
