"bin","max","min","mid","hemisphere","mean_richness","CI.Lower","CI.Upper"
1,90,75,82.5,"N",NA,NA,NA
2,75,60,67.5,"N",0.04,0,1
3,60,45,52.5,"N",0.07,0,1
4,45,30,37.5,"N",22.52073,17.690225,27.02445
5,30,15,22.5,"N",29.26327,24.58025,32.82325
6,15,0,7.5,"N",15.20281,9.3979,20.858475
7,0,-15,-7.5,"S",NA,NA,NA
8,-15,-30,-22.5,"S",2.81993,0,5.998525
9,-30,-45,-37.5,"S",NA,NA,NA
10,-45,-60,-52.5,"S",NA,NA,NA
11,-60,-75,-67.5,"S",0.07,0,1
12,-75,-90,-82.5,"S",NA,NA,NA
