"bin","max","min","mid","hemisphere","mean_richness","CI.Lower","CI.Upper"
1,90,75,82.5,"N",NA,NA,NA
2,75,60,67.5,"N",0.15,0,1
3,60,45,52.5,"N",7.0665,2.475,11.75525
4,45,30,37.5,"N",19.5857,14.98825,23.64225
5,30,15,22.5,"N",31.735,27.61325,34.86325
6,15,0,7.5,"N",25.9919,21.15325,29.67775
7,0,-15,-7.5,"S",NA,NA,NA
8,-15,-30,-22.5,"S",18.9286,13.122,24.38275
9,-30,-45,-37.5,"S",NA,NA,NA
10,-45,-60,-52.5,"S",NA,NA,NA
11,-60,-75,-67.5,"S",0.09,0,1
12,-75,-90,-82.5,"S",NA,NA,NA
