"bin","max","min","mid","hemisphere","mean_richness","CI.Lower","CI.Upper"
1,90,75,82.5,"N",NA,NA,NA
2,75,60,67.5,"N",0.06,0,1
3,60,45,52.5,"N",5.33188,2,9.52415
4,45,30,37.5,"N",25.66449,21.466975,28.73505
5,30,15,22.5,"N",19.87686,13.50015,25.7392
6,15,0,7.5,"N",11.58137,5.99895,17.160075
7,0,-15,-7.5,"S",1.99992,0,5.52499999999999
8,-15,-30,-22.5,"S",NA,NA,NA
9,-30,-45,-37.5,"S",0.1,0,1
10,-45,-60,-52.5,"S",0.76,0,3
11,-60,-75,-67.5,"S",NA,NA,NA
12,-75,-90,-82.5,"S",NA,NA,NA
