"bin","max","min","mid","hemisphere","mean_richness","CI.Lower","CI.Upper"
1,90,75,82.5,"N",NA,NA,NA
2,75,60,67.5,"N",0.26,0,1.52499999999999
3,60,45,52.5,"N",8.23065,3.991275,13.431525
4,45,30,37.5,"N",28.37401,25.335825,31.4599
5,30,15,22.5,"N",24.13328,19.294375,28.322575
6,15,0,7.5,"N",5.62089,1.475,10.451125
7,0,-15,-7.5,"S",NA,NA,NA
8,-15,-30,-22.5,"S",NA,NA,NA
9,-30,-45,-37.5,"S",NA,NA,NA
10,-45,-60,-52.5,"S",0.76,0,2
11,-60,-75,-67.5,"S",NA,NA,NA
12,-75,-90,-82.5,"S",NA,NA,NA
