"bin","max","min","mid","hemisphere","mean_richness","CI.Lower","CI.Upper"
1,90,75,82.5,"N",NA,NA,NA
2,75,60,67.5,"N",0.03,0,0.524999999999991
3,60,45,52.5,"N",4.25451,1,8.03587499999998
4,45,30,37.5,"N",17.16624,11.6675,23.522925
5,30,15,22.5,"N",26.48193,22.169325,30.687275
6,15,0,7.5,"N",13.32544,6.997475,19.894025
7,0,-15,-7.5,"S",1.95999,0,5
8,-15,-30,-22.5,"S",NA,NA,NA
9,-30,-45,-37.5,"S",NA,NA,NA
10,-45,-60,-52.5,"S",0.76,0,3
11,-60,-75,-67.5,"S",NA,NA,NA
12,-75,-90,-82.5,"S",NA,NA,NA
