"bin","max","min","mid","hemisphere","mean_richness","CI.Lower","CI.Upper"
1,90,75,82.5,"N",NA,NA,NA
2,75,60,67.5,"N",0.02,0,0
3,60,45,52.5,"N",5.42475,2.472625,9.8425
4,45,30,37.5,"N",24.54245,20.1327,27.47855
5,30,15,22.5,"N",17.94055,11.800175,23.839275
6,15,0,7.5,"N",7.1514,2.475,12.322525
7,0,-15,-7.5,"S",NA,NA,NA
8,-15,-30,-22.5,"S",NA,NA,NA
9,-30,-45,-37.5,"S",NA,NA,NA
10,-45,-60,-52.5,"S",0.5,0,2
11,-60,-75,-67.5,"S",NA,NA,NA
12,-75,-90,-82.5,"S",NA,NA,NA
