"bin","max","min","mid","hemisphere","mean_richness","CI.Lower","CI.Upper"
1,90,75,82.5,"N",0.06,0,1
2,75,60,67.5,"N",0.41,0,2
3,60,45,52.5,"N",2.27,0,5
4,45,30,37.5,"N",24.8338,19.353,28.55175
5,30,15,22.5,"N",22.4432,16.4685,27.00725
6,15,0,7.5,"N",38.8996,37.05225,40.3845
7,0,-15,-7.5,"S",30.7473,26.906,33.688
8,-15,-30,-22.5,"S",25.3644,20.75825,29.63575
9,-30,-45,-37.5,"S",18.145,10.376,23.5115
10,-45,-60,-52.5,"S",1.63,0,5
11,-60,-75,-67.5,"S",0.39,0,2
12,-75,-90,-82.5,"S",NA,NA,NA
