"bin","max","min","mid","hemisphere","mean_richness","CI.Lower","CI.Upper"
1,90,75,82.5,"N",NA,NA,NA
2,75,60,67.5,"N",0.11,0,1
3,60,45,52.5,"N",4.30521,1,7.987825
4,45,30,37.5,"N",24.74456,20.730525,29.07875
5,30,15,22.5,"N",19.16904,13.72395,23.346
6,15,0,7.5,"N",8.95455,4,14.72545
7,0,-15,-7.5,"S",3.72717,0,8.97815
8,-15,-30,-22.5,"S",NA,NA,NA
9,-30,-45,-37.5,"S",NA,NA,NA
10,-45,-60,-52.5,"S",0.35,0,2
11,-60,-75,-67.5,"S",NA,NA,NA
12,-75,-90,-82.5,"S",NA,NA,NA
