"bin","max","min","mid","hemisphere","mean_richness","CI.Lower","CI.Upper"
1,90,75,82.5,"N",NA,NA,NA
2,75,60,67.5,"N",0.05,0,1
3,60,45,52.5,"N",4.26776,1,7.99405
4,45,30,37.5,"N",20.29467,15.41995,25.03385
5,30,15,22.5,"N",16.61273,10.390275,21.64315
6,15,0,7.5,"N",3.21979,0,6.996525
7,0,-15,-7.5,"S",5.90472,2,9.923525
8,-15,-30,-22.5,"S",NA,NA,NA
9,-30,-45,-37.5,"S",NA,NA,NA
10,-45,-60,-52.5,"S",0.43,0,2
11,-60,-75,-67.5,"S",NA,NA,NA
12,-75,-90,-82.5,"S",NA,NA,NA
