"bin","max","min","mid","hemisphere","mean_richness","CI.Lower","CI.Upper"
1,90,75,82.5,"N",NA,NA,NA
2,75,60,67.5,"N",NA,NA,NA
3,60,45,52.5,"N",2.80985,0.475,5.998525
4,45,30,37.5,"N",16.353,10.076975,20.787825
5,30,15,22.5,"N",2.89879,0,6.52499999999999
6,15,0,7.5,"N",17.60638,12.666725,22.60195
7,0,-15,-7.5,"S",12.76614,6.46545,17.737575
8,-15,-30,-22.5,"S",NA,NA,NA
9,-30,-45,-37.5,"S",3.42892,1,7.9842
10,-45,-60,-52.5,"S",NA,NA,NA
11,-60,-75,-67.5,"S",NA,NA,NA
12,-75,-90,-82.5,"S",NA,NA,NA
