"bin","max","min","mid","hemisphere","mean_richness","CI.Lower","CI.Upper"
1,90,75,82.5,"N",NA,NA,NA
2,75,60,67.5,"N",NA,NA,NA
3,60,45,52.5,"N",2.12992,0,5
4,45,30,37.5,"N",11.32574,6.463125,16.73325
5,30,15,22.5,"N",3.2696,1,6.52132499999999
6,15,0,7.5,"N",13.0539,7.9868,18.625125
7,0,-15,-7.5,"S",8.31859,3.475,16.13405
8,-15,-30,-22.5,"S",0.92,0,3
9,-30,-45,-37.5,"S",2.5897,0,5.999
10,-45,-60,-52.5,"S",NA,NA,NA
11,-60,-75,-67.5,"S",NA,NA,NA
12,-75,-90,-82.5,"S",NA,NA,NA
