"bin","max","min","mid","hemisphere","mean_richness","CI.Lower","CI.Upper"
1,90,75,82.5,"N",NA,NA,NA
2,75,60,67.5,"N",NA,NA,NA
3,60,45,52.5,"N",6.45030000000001,2,10.88575
4,45,30,37.5,"N",20.8797,15.36025,25.7375
5,30,15,22.5,"N",6.4792,2,11.83725
6,15,0,7.5,"N",24.4646,17.85925,28.645
7,0,-15,-7.5,"S",12.577,7,17.7905
8,-15,-30,-22.5,"S",3.6287,0,8
9,-30,-45,-37.5,"S",7.2666,3,13.61575
10,-45,-60,-52.5,"S",0.73,0,2.52499999999999
11,-60,-75,-67.5,"S",NA,NA,NA
12,-75,-90,-82.5,"S",NA,NA,NA
