"bin","max","min","mid","hemisphere","mean_richness","CI.Lower","CI.Upper"
1,90,75,82.5,"N",NA,NA,NA
2,75,60,67.5,"N",0.08,0,1
3,60,45,52.5,"N",8.1998,4,13.6525
4,45,30,37.5,"N",23.4995,18.65825,27.89125
5,30,15,22.5,"N",30.7806,27.481,33.52525
6,15,0,7.5,"N",16.9122,9.93,22.19725
7,0,-15,-7.5,"S",13.8607,7.98475,19.1325
8,-15,-30,-22.5,"S",13.9914,8.45075,19.59525
9,-30,-45,-37.5,"S",5.7092,2,11.24875
10,-45,-60,-52.5,"S",0.71,0,3
11,-60,-75,-67.5,"S",0.06,0,1
12,-75,-90,-82.5,"S",0.04,0,1
