"bin","max","min","mid","hemisphere","mean_richness","CI.Lower","CI.Upper"
1,90,75,82.5,"N",NA,NA,NA
2,75,60,67.5,"N",0.01,0,0
3,60,45,52.5,"N",0.93,0,3
4,45,30,37.5,"N",23.64077,18.361375,27.5683
5,30,15,22.5,"N",27.45652,22.326525,31.43125
6,15,0,7.5,"N",3.99899,1,7.989
7,0,-15,-7.5,"S",NA,NA,NA
8,-15,-30,-22.5,"S",3.08982,0.475,6.998
9,-30,-45,-37.5,"S",1.67,0,4
10,-45,-60,-52.5,"S",NA,NA,NA
11,-60,-75,-67.5,"S",0.04,0,1
12,-75,-90,-82.5,"S",NA,NA,NA
