"bin","max","min","mid","hemisphere","mean_richness","CI.Lower","CI.Upper"
1,90,75,82.5,"N",NA,NA,NA
2,75,60,67.5,"N",NA,NA,NA
3,60,45,52.5,"N",NA,NA,NA
4,45,30,37.5,"N",9.03616,3.475,15.084825
5,30,15,22.5,"N",9.66002,4,16.181575
6,15,0,7.5,"N",20.53649,15.209275,25.1458
7,0,-15,-7.5,"S",8.06233,3,13.648075
8,-15,-30,-22.5,"S",0.77,0,2.52499999999999
9,-30,-45,-37.5,"S",0.63998,0,2.52499999999999
10,-45,-60,-52.5,"S",NA,NA,NA
11,-60,-75,-67.5,"S",NA,NA,NA
12,-75,-90,-82.5,"S",NA,NA,NA
