"bin","max","min","mid","hemisphere","mean_richness","CI.Lower","CI.Upper"
1,90,75,82.5,"N",0.03,0,0.524999999999991
2,75,60,67.5,"N",0.47,0,2
3,60,45,52.5,"N",6.9958,2,13.171
4,45,30,37.5,"N",30.918,27.6585,33.9925
5,30,15,22.5,"N",32.8138,30.2775,35.4235
6,15,0,7.5,"N",7.6441,2.475,12.8205
7,0,-15,-7.5,"S",8.1745,4,13.2495
8,-15,-30,-22.5,"S",9.9764,5.99475,15.35775
9,-30,-45,-37.5,"S",7.6432,4,12.312
10,-45,-60,-52.5,"S",NA,NA,NA
11,-60,-75,-67.5,"S",NA,NA,NA
12,-75,-90,-82.5,"S",NA,NA,NA
