"bin","max","min","mid","hemisphere","mean_richness","CI.Lower","CI.Upper"
1,90,75,82.5,"N",NA,NA,NA
2,75,60,67.5,"N",0.49,0,2
3,60,45,52.5,"N",NA,NA,NA
4,45,30,37.5,"N",31.42914,28.0782,34.014675
5,30,15,22.5,"N",34.40914,31.283925,36.8243
6,15,0,7.5,"N",10.95624,5.999475,16.58705
7,0,-15,-7.5,"S",19.60116,14.137675,24.896475
8,-15,-30,-22.5,"S",7.67858,3,13.22455
9,-30,-45,-37.5,"S",2.90982,0,5.999525
10,-45,-60,-52.5,"S",NA,NA,NA
11,-60,-75,-67.5,"S",NA,NA,NA
12,-75,-90,-82.5,"S",NA,NA,NA
