"bin","max","min","mid","hemisphere","mean_richness","CI.Lower","CI.Upper"
1,90,75,82.5,"N",NA,NA,NA
2,75,60,67.5,"N",NA,NA,NA
3,60,45,52.5,"N",1.45998,0,4
4,45,30,37.5,"N",15.35132,9.82035,21.678225
5,30,15,22.5,"N",8.16781,3.475,12.7333
6,15,0,7.5,"N",10.54323,4.475,15.65855
7,0,-15,-7.5,"S",3.24954,0,6.997525
8,-15,-30,-22.5,"S",3.71813,0.475,8.970575
9,-30,-45,-37.5,"S",3.39563,1,8.50254999999999
10,-45,-60,-52.5,"S",0.19,0,2
11,-60,-75,-67.5,"S",NA,NA,NA
12,-75,-90,-82.5,"S",NA,NA,NA
