"bin","max","min","mid","hemisphere","mean_richness","CI.Lower","CI.Upper"
1,90,75,82.5,"N",NA,NA,NA
2,75,60,67.5,"N",NA,NA,NA
3,60,45,52.5,"N",1.95979,0,5
4,45,30,37.5,"N",17.41385,12.47915,22.142825
5,30,15,22.5,"N",9.04909,4,13.993525
6,15,0,7.5,"N",9.14716,4,14.211625
7,0,-15,-7.5,"S",6.81337,2,10.816325
8,-15,-30,-22.5,"S",4.29758,1,8.50639999999999
9,-30,-45,-37.5,"S",5.83204,2,10.838875
10,-45,-60,-52.5,"S",NA,NA,NA
11,-60,-75,-67.5,"S",NA,NA,NA
12,-75,-90,-82.5,"S",NA,NA,NA
