"bin","max","min","mid","hemisphere","mean_richness","CI.Lower","CI.Upper"
1,90,75,82.5,"N",NA,NA,NA
2,75,60,67.5,"N",NA,NA,NA
3,60,45,52.5,"N",5.0908,1,8.99
4,45,30,37.5,"N",23.6298,18.74,27.93725
5,30,15,22.5,"N",17.2057,10.785,21.97075
6,15,0,7.5,"N",25.9052,20.607,29.785
7,0,-15,-7.5,"S",5.7853,2,10.94025
8,-15,-30,-22.5,"S",9.9005,5,14.9885
9,-30,-45,-37.5,"S",7.0393,2,12.74025
10,-45,-60,-52.5,"S",0.51,0,2
11,-60,-75,-67.5,"S",NA,NA,NA
12,-75,-90,-82.5,"S",NA,NA,NA
