"bin","max","min","mid","hemisphere","mean_richness","CI.Lower","CI.Upper"
1,90,75,82.5,"N",NA,NA,NA
2,75,60,67.5,"N",0.08,0,1
3,60,45,52.5,"N",10.28286,4,16.922075
4,45,30,37.5,"N",22.617,17.86335,26.85875
5,30,15,22.5,"N",17.39972,11.774725,22.09095
6,15,0,7.5,"N",4.21735,1,8.977625
7,0,-15,-7.5,"S",3.06972,0,6.52342499999999
8,-15,-30,-22.5,"S",NA,NA,NA
9,-30,-45,-37.5,"S",NA,NA,NA
10,-45,-60,-52.5,"S",NA,NA,NA
11,-60,-75,-67.5,"S",NA,NA,NA
12,-75,-90,-82.5,"S",NA,NA,NA
