"bin","max","min","mid","hemisphere","mean_richness","CI.Lower","CI.Upper"
1,90,75,82.5,"N",NA,NA,NA
2,75,60,67.5,"N",0.16,0,1
3,60,45,52.5,"N",11.24865,5.99685,18.571275
4,45,30,37.5,"N",25.90086,20.214325,30.509475
5,30,15,22.5,"N",23.33196,18.605025,27.901525
6,15,0,7.5,"N",11.69937,5.474525,16.9657
7,0,-15,-7.5,"S",NA,NA,NA
8,-15,-30,-22.5,"S",NA,NA,NA
9,-30,-45,-37.5,"S",NA,NA,NA
10,-45,-60,-52.5,"S",NA,NA,NA
11,-60,-75,-67.5,"S",NA,NA,NA
12,-75,-90,-82.5,"S",NA,NA,NA
