"bin","max","min","mid","hemisphere","mean_richness","CI.Lower","CI.Upper"
1,90,75,82.5,"N",0.01,0,0
2,75,60,67.5,"N",NA,NA,NA
3,60,45,52.5,"N",9.9343,5,15.37
4,45,30,37.5,"N",27.9998,22.88125,31.257
5,30,15,22.5,"N",26.9576,22.9495,31.92975
6,15,0,7.5,"N",7.3479,2.475,14.059
7,0,-15,-7.5,"S",25.9669,21.617,30.27375
8,-15,-30,-22.5,"S",3.6684,0,7
9,-30,-45,-37.5,"S",NA,NA,NA
10,-45,-60,-52.5,"S",0.24,0,1
11,-60,-75,-67.5,"S",0.01,0,0
12,-75,-90,-82.5,"S",NA,NA,NA
