"bin","max","min","mid","hemisphere","mean_richness","CI.Lower","CI.Upper"
1,90,75,82.5,"N",0.02,0,0
2,75,60,67.5,"N",0.08,0,1
3,60,45,52.5,"N",10.81505,4.99685,16.8651
4,45,30,37.5,"N",24.67608,20.753875,28.107125
5,30,15,22.5,"N",21.3882,16.567575,25.847
6,15,0,7.5,"N",11.43937,5.471625,17.0259
7,0,-15,-7.5,"S",11.57509,5.475,16.739575
8,-15,-30,-22.5,"S",1.25,0,4
9,-30,-45,-37.5,"S",NA,NA,NA
10,-45,-60,-52.5,"S",0.05,0,1
11,-60,-75,-67.5,"S",NA,NA,NA
12,-75,-90,-82.5,"S",NA,NA,NA
