"bin","max","min","mid","hemisphere","mean_richness","CI.Lower","CI.Upper"
1,90,75,82.5,"N",NA,NA,NA
2,75,60,67.5,"N",NA,NA,NA
3,60,45,52.5,"N",7.23397,2,13.4766
4,45,30,37.5,"N",23.14792,17.3677,28.4787
5,30,15,22.5,"N",21.39165,15.5986,26.4277
6,15,0,7.5,"N",3.91861,1,8.50097499999999
7,0,-15,-7.5,"S",15.56756,10.334275,21.477225
8,-15,-30,-22.5,"S",1.25,0,4
9,-30,-45,-37.5,"S",NA,NA,NA
10,-45,-60,-52.5,"S",0.1,0,1
11,-60,-75,-67.5,"S",NA,NA,NA
12,-75,-90,-82.5,"S",NA,NA,NA
