"bin","max","min","mid","hemisphere","mean_richness","CI.Lower","CI.Upper"
1,90,75,82.5,"N",0.02,0,0
2,75,60,67.5,"N",0.52,0,2
3,60,45,52.5,"N",1.90996,0,5.998525
4,45,30,37.5,"N",13.57405,7.4357,19.236725
5,30,15,22.5,"N",25.94067,21.6195,30.444225
6,15,0,7.5,"N",14.83854,6.9919,20.5986
7,0,-15,-7.5,"S",7.67436,3,12.80285
8,-15,-30,-22.5,"S",2.31986,0,6
9,-30,-45,-37.5,"S",1.49,0,4
10,-45,-60,-52.5,"S",NA,NA,NA
11,-60,-75,-67.5,"S",NA,NA,NA
12,-75,-90,-82.5,"S",NA,NA,NA
