"bin","max","min","mid","hemisphere","mean_richness","CI.Lower","CI.Upper"
1,90,75,82.5,"N",0.02,0,0
2,75,60,67.5,"N",1.02,0,3.52499999999999
3,60,45,52.5,"N",3.2593,0.475,6
4,45,30,37.5,"N",19.6193,14.6635,24.69575
5,30,15,22.5,"N",34.7233,31.4635,37.1215
6,15,0,7.5,"N",20.139,14.86175,25.072
7,0,-15,-7.5,"S",NA,NA,NA
8,-15,-30,-22.5,"S",12.6909,7,18.8525
9,-30,-45,-37.5,"S",4.0388,1,7.50399999999999
10,-45,-60,-52.5,"S",NA,NA,NA
11,-60,-75,-67.5,"S",NA,NA,NA
12,-75,-90,-82.5,"S",NA,NA,NA
