"bin","max","min","mid","hemisphere","mean_richness","CI.Lower","CI.Upper"
1,90,75,82.5,"N",0.05,0,1
2,75,60,67.5,"N",0.7,0,2.52499999999999
3,60,45,52.5,"N",3.73835,1,6.996575
4,45,30,37.5,"N",16.56679,10.375225,21.1882
5,30,15,22.5,"N",30.03052,25.8581,33.45235
6,15,0,7.5,"N",22.31938,17.2251,26.50585
7,0,-15,-7.5,"S",8.12294,3,13.656825
8,-15,-30,-22.5,"S",NA,NA,NA
9,-30,-45,-37.5,"S",1.41999,0,4
10,-45,-60,-52.5,"S",NA,NA,NA
11,-60,-75,-67.5,"S",NA,NA,NA
12,-75,-90,-82.5,"S",NA,NA,NA
