"bin","max","min","mid","hemisphere","mean_richness","CI.Lower","CI.Upper"
1,90,75,82.5,"N",0.02,0,0
2,75,60,67.5,"N",0.51,0,2
3,60,45,52.5,"N",1.84994,0,5.999525
4,45,30,37.5,"N",10.8838,5.47405,16.048725
5,30,15,22.5,"N",22.99362,16.23675,27.4245
6,15,0,7.5,"N",8.91087,3.475,14.7521
7,0,-15,-7.5,"S",5.68051,1.475,10.44945
8,-15,-30,-22.5,"S",NA,NA,NA
9,-30,-45,-37.5,"S",0.62,0,2
10,-45,-60,-52.5,"S",NA,NA,NA
11,-60,-75,-67.5,"S",NA,NA,NA
12,-75,-90,-82.5,"S",NA,NA,NA
