"bin","max","min","mid","hemisphere","mean_richness","CI.Lower","CI.Upper"
1,90,75,82.5,"N",NA,NA,NA
2,75,60,67.5,"N",NA,NA,NA
3,60,45,52.5,"N",1.19,0,3
4,45,30,37.5,"N",19.396,12.4115,24.7569
5,30,15,22.5,"N",23.527,18.482625,28.0059
6,15,0,7.5,"N",29.07529,24.90795,32.73335
7,0,-15,-7.5,"S",16.15295,8.964475,21.896525
8,-15,-30,-22.5,"S",0.29,0,1.52499999999999
9,-30,-45,-37.5,"S",0.82,0,3
10,-45,-60,-52.5,"S",0.36,0,2
11,-60,-75,-67.5,"S",0.01,0,0
12,-75,-90,-82.5,"S",NA,NA,NA
