"bin","max","min","mid","hemisphere","mean_richness","CI.Lower","CI.Upper"
1,90,75,82.5,"N",NA,NA,NA
2,75,60,67.5,"N",NA,NA,NA
3,60,45,52.5,"N",1.29,0,4
4,45,30,37.5,"N",25.63772,22.21415,29.278975
5,30,15,22.5,"N",27.03254,21.81325,31.43135
6,15,0,7.5,"N",28.29511,23.87885,31.625225
7,0,-15,-7.5,"S",10.39937,5.4731,16.641025
8,-15,-30,-22.5,"S",NA,NA,NA
9,-30,-45,-37.5,"S",1.92999,0,5
10,-45,-60,-52.5,"S",NA,NA,NA
11,-60,-75,-67.5,"S",NA,NA,NA
12,-75,-90,-82.5,"S",NA,NA,NA
