"bin","max","min","mid","hemisphere","mean_richness","CI.Lower","CI.Upper"
1,90,75,82.5,"N",NA,NA,NA
2,75,60,67.5,"N",NA,NA,NA
3,60,45,52.5,"N",1.63997,0,4
4,45,30,37.5,"N",12.05489,6.997425,16.936725
5,30,15,22.5,"N",28.48526,25.283975,31.6055
6,15,0,7.5,"N",26.41545,20.99875,30.2298
7,0,-15,-7.5,"S",3.89868,1,7.992525
8,-15,-30,-22.5,"S",0.63,0,2
9,-30,-45,-37.5,"S",NA,NA,NA
10,-45,-60,-52.5,"S",0.42,0,2
11,-60,-75,-67.5,"S",0.01,0,0
12,-75,-90,-82.5,"S",NA,NA,NA
