"bin","max","min","mid","hemisphere","mean_richness","CI.Lower","CI.Upper"
1,90,75,82.5,"N",NA,NA,NA
2,75,60,67.5,"N",NA,NA,NA
3,60,45,52.5,"N",0.96,0,3
4,45,30,37.5,"N",13.8127,7.431,18.918575
5,30,15,22.5,"N",12.27646,5.997475,18.821125
6,15,0,7.5,"N",16.68783,11.44445,21.476425
7,0,-15,-7.5,"S",11.11002,4.475,17.005
8,-15,-30,-22.5,"S",1.87,0,5
9,-30,-45,-37.5,"S",3.77569,1,7.915525
10,-45,-60,-52.5,"S",NA,NA,NA
11,-60,-75,-67.5,"S",0.02,0,0
12,-75,-90,-82.5,"S",NA,NA,NA
