"bin","max","min","mid","hemisphere","mean_richness","CI.Lower","CI.Upper"
1,90,75,82.5,"N",NA,NA,NA
2,75,60,67.5,"N",NA,NA,NA
3,60,45,52.5,"N",0.85,0,3
4,45,30,37.5,"N",17.97759,11.902925,22.65605
5,30,15,22.5,"N",19.57071,14.331975,23.9853
6,15,0,7.5,"N",19.49217,14.0949,24.752725
7,0,-15,-7.5,"S",13.64056,6.470675,20.416625
8,-15,-30,-22.5,"S",0.64,0,3
9,-30,-45,-37.5,"S",4.63767,1,8.87262499999999
10,-45,-60,-52.5,"S",0.39,0,2
11,-60,-75,-67.5,"S",NA,NA,NA
12,-75,-90,-82.5,"S",NA,NA,NA
