"bin","max","min","mid","hemisphere","mean_richness","CI.Lower","CI.Upper"
1,90,75,82.5,"N",NA,NA,NA
2,75,60,67.5,"N",3.27944,0,7.51607499999999
3,60,45,52.5,"N",3.12724,0,6.992575
4,45,30,37.5,"N",18.33865,12.4823,23.631275
5,30,15,22.5,"N",13.63246,7.457325,20.4517
6,15,0,7.5,"N",NA,NA,NA
7,0,-15,-7.5,"S",NA,NA,NA
8,-15,-30,-22.5,"S",NA,NA,NA
9,-30,-45,-37.5,"S",1.53999,0,4
10,-45,-60,-52.5,"S",NA,NA,NA
11,-60,-75,-67.5,"S",NA,NA,NA
12,-75,-90,-82.5,"S",3.37486,1,6.9932
