"bin","max","min","mid","hemisphere","mean_richness","CI.Lower","CI.Upper"
1,90,75,82.5,"N",NA,NA,NA
2,75,60,67.5,"N",0.57,0,2
3,60,45,52.5,"N",1.84,0,4.52499999999999
4,45,30,37.5,"N",15.06442,9.933625,20.236725
5,30,15,22.5,"N",9.77908,5,14.28165
6,15,0,7.5,"N",NA,NA,NA
7,0,-15,-7.5,"S",NA,NA,NA
8,-15,-30,-22.5,"S",1.08,0,3.52499999999999
9,-30,-45,-37.5,"S",1.09,0,4
10,-45,-60,-52.5,"S",NA,NA,NA
11,-60,-75,-67.5,"S",NA,NA,NA
12,-75,-90,-82.5,"S",1.83983,0,4
