"bin","max","min","mid","hemisphere","mean_richness","CI.Lower","CI.Upper"
1,90,75,82.5,"N",NA,NA,NA
2,75,60,67.5,"N",3.3898,1,7.51974999999999
3,60,45,52.5,"N",8.6834,3.475,14.0685
4,45,30,37.5,"N",23.1304,17.67175,27.922
5,30,15,22.5,"N",10.6892,5,16.6335
6,15,0,7.5,"N",1.43,0,3
7,0,-15,-7.5,"S",NA,NA,NA
8,-15,-30,-22.5,"S",4.1186,0,8.98
9,-30,-45,-37.5,"S",4.3767,1,8.52499999999999
10,-45,-60,-52.5,"S",NA,NA,NA
11,-60,-75,-67.5,"S",NA,NA,NA
12,-75,-90,-82.5,"S",4.4561,1,8.971
