"bin","max","min","mid","hemisphere","mean_richness","CI.Lower","CI.Upper"
1,90,75,82.5,"N",NA,NA,NA
2,75,60,67.5,"N",NA,NA,NA
3,60,45,52.5,"N",4.17268,0.475,7.991
4,45,30,37.5,"N",10.99494,5.97685,16.06805
5,30,15,22.5,"N",20.29593,16.371425,25.3949
6,15,0,7.5,"N",4.32375,1,8.959525
7,0,-15,-7.5,"S",7.922,3,11.728775
8,-15,-30,-22.5,"S",3.19943,0,6.995675
9,-30,-45,-37.5,"S",NA,NA,NA
10,-45,-60,-52.5,"S",NA,NA,NA
11,-60,-75,-67.5,"S",NA,NA,NA
12,-75,-90,-82.5,"S",4.53773,0.475,8.95785
