"bin","max","min","mid","hemisphere","mean_richness","CI.Lower","CI.Upper"
1,90,75,82.5,"N",2.10996,0,5
2,75,60,67.5,"N",1.73,0,4
3,60,45,52.5,"N",1.11,0,4
4,45,30,37.5,"N",21.30129,17.031175,25.46215
5,30,15,22.5,"N",11.0433,4.998475,17.84245
6,15,0,7.5,"N",5.47708,1,10.858275
7,0,-15,-7.5,"S",1.17999,0,3.52499999999999
8,-15,-30,-22.5,"S",NA,NA,NA
9,-30,-45,-37.5,"S",0.99,0,3
10,-45,-60,-52.5,"S",4.12833,1,7.9901
11,-60,-75,-67.5,"S",9.0904,4,15.744925
12,-75,-90,-82.5,"S",NA,NA,NA
