"bin","max","min","mid","hemisphere","mean_richness","CI.Lower","CI.Upper"
1,90,75,82.5,"N",1.62,0,4.52499999999999
2,75,60,67.5,"N",3.05926,0,5.9942
3,60,45,52.5,"N",NA,NA,NA
4,45,30,37.5,"N",24.07384,20.192275,27.5984
5,30,15,22.5,"N",14.22517,9.386225,19.2671
6,15,0,7.5,"N",3.97557,1,8.917075
7,0,-15,-7.5,"S",0.81998,0,3
8,-15,-30,-22.5,"S",NA,NA,NA
9,-30,-45,-37.5,"S",0.2,0,2
10,-45,-60,-52.5,"S",1.03,0,3
11,-60,-75,-67.5,"S",13.96253,8.931125,19.3302
12,-75,-90,-82.5,"S",0.38,0,2
