"bin","max","min","mid","hemisphere","mean_richness","CI.Lower","CI.Upper"
1,90,75,82.5,"N",0.98,0,3
2,75,60,67.5,"N",2.45973,0,5
3,60,45,52.5,"N",1.69981,0,5
4,45,30,37.5,"N",25.57148,22.176275,29.2117
5,30,15,22.5,"N",11.77477,6.998475,16.76555
6,15,0,7.5,"N",2.95902,0,6.996575
7,0,-15,-7.5,"S",0.76,0,3
8,-15,-30,-22.5,"S",2.5197,0,5.999
9,-30,-45,-37.5,"S",1.91999,0,4
10,-45,-60,-52.5,"S",1.06,0,3.52499999999999
11,-60,-75,-67.5,"S",9.2788,4.997,15.124925
12,-75,-90,-82.5,"S",NA,NA,NA
