"bin","max","min","mid","hemisphere","mean_richness","CI.Lower","CI.Upper"
1,90,75,82.5,"N",1.5,0,4
2,75,60,67.5,"N",2.59986,0,6
3,60,45,52.5,"N",1.68995,0,5
4,45,30,37.5,"N",28.09433,23.580725,31.5758
5,30,15,22.5,"N",15.21375,9.377525,21.403575
6,15,0,7.5,"N",4.7159,2,8.9241
7,0,-15,-7.5,"S",NA,NA,NA
8,-15,-30,-22.5,"S",NA,NA,NA
9,-30,-45,-37.5,"S",1.44,0,4
10,-45,-60,-52.5,"S",NA,NA,NA
11,-60,-75,-67.5,"S",12.95247,5.9958,18.9223
12,-75,-90,-82.5,"S",NA,NA,NA
