"bin","max","min","mid","hemisphere","mean_richness","CI.Lower","CI.Upper"
1,90,75,82.5,"N",NA,NA,NA
2,75,60,67.5,"N",NA,NA,NA
3,60,45,52.5,"N",5.94093,2.475,10.449325
4,45,30,37.5,"N",16.99229,10.3293,21.934475
5,30,15,22.5,"N",4.71744,1.475,7.990525
6,15,0,7.5,"N",5.05392,1,9.937725
7,0,-15,-7.5,"S",NA,NA,NA
8,-15,-30,-22.5,"S",NA,NA,NA
9,-30,-45,-37.5,"S",7.15946,3,12.26675
10,-45,-60,-52.5,"S",5.33168,1,9.45249999999999
11,-60,-75,-67.5,"S",NA,NA,NA
12,-75,-90,-82.5,"S",NA,NA,NA
