"bin","max","min","mid","hemisphere","mean_richness","CI.Lower","CI.Upper"
1,90,75,82.5,"N",NA,NA,NA
2,75,60,67.5,"N",NA,NA,NA
3,60,45,52.5,"N",2.62996,0,5.998525
4,45,30,37.5,"N",10.23734,5,16.168675
5,30,15,22.5,"N",5.07264,1,8.978575
6,15,0,7.5,"N",3.58931,1,7.51617499999999
7,0,-15,-7.5,"S",NA,NA,NA
8,-15,-30,-22.5,"S",NA,NA,NA
9,-30,-45,-37.5,"S",3.48956,0.475,6.998
10,-45,-60,-52.5,"S",3.41974,1,6.995525
11,-60,-75,-67.5,"S",NA,NA,NA
12,-75,-90,-82.5,"S",NA,NA,NA
