"bin","max","min","mid","hemisphere","mean_richness","CI.Lower","CI.Upper"
1,90,75,82.5,"N",NA,NA,NA
2,75,60,67.5,"N",NA,NA,NA
3,60,45,52.5,"N",1.51989,0,4
4,45,30,37.5,"N",10.3074,5,15.901175
5,30,15,22.5,"N",2.73983,0,6
6,15,0,7.5,"N",3.30877,1,7.990575
7,0,-15,-7.5,"S",NA,NA,NA
8,-15,-30,-22.5,"S",NA,NA,NA
9,-30,-45,-37.5,"S",4.27236,0.475,9.42412499999999
10,-45,-60,-52.5,"S",3.55876,0,7.51554999999999
11,-60,-75,-67.5,"S",NA,NA,NA
12,-75,-90,-82.5,"S",NA,NA,NA
