"bin","max","min","mid","hemisphere","mean_richness","CI.Lower","CI.Upper"
1,90,75,82.5,"N",NA,NA,NA
2,75,60,67.5,"N",NA,NA,NA
3,60,45,52.5,"N",3.10969,0.475,6.996525
4,45,30,37.5,"N",14.31646,10.579025,18.52735
5,30,15,22.5,"N",2.54992,0,6.52342499999999
6,15,0,7.5,"N",2.59983,0,6.52237499999999
7,0,-15,-7.5,"S",NA,NA,NA
8,-15,-30,-22.5,"S",NA,NA,NA
9,-30,-45,-37.5,"S",3.66561,0,8.46087499999999
10,-45,-60,-52.5,"S",2.57989,0,6
11,-60,-75,-67.5,"S",NA,NA,NA
12,-75,-90,-82.5,"S",NA,NA,NA
