"bin","max","min","mid","hemisphere","mean_richness","CI.Lower","CI.Upper"
1,90,75,82.5,"N",NA,NA,NA
2,75,60,67.5,"N",1.36,0,4
3,60,45,52.5,"N",NA,NA,NA
4,45,30,37.5,"N",12.90749,7.357275,18.298275
5,30,15,22.5,"N",9.27516,4.474525,13.488375
6,15,0,7.5,"N",3.10805,0,6.9903
7,0,-15,-7.5,"S",3.55974,0.475,6.9822
8,-15,-30,-22.5,"S",6.29183,2,10.78835
9,-30,-45,-37.5,"S",7.71193,3,12.7469
10,-45,-60,-52.5,"S",5.32468,2,10.8593
11,-60,-75,-67.5,"S",0.89,0,3
12,-75,-90,-82.5,"S",NA,NA,NA
