"bin","max","min","mid","hemisphere","mean_richness","CI.Lower","CI.Upper"
1,90,75,82.5,"N",NA,NA,NA
2,75,60,67.5,"N",1.69,0,4
3,60,45,52.5,"N",NA,NA,NA
4,45,30,37.5,"N",24.29254,20.66235,27.811475
5,30,15,22.5,"N",17.43272,12.895075,22.066225
6,15,0,7.5,"N",1.7,0,4.52499999999999
7,0,-15,-7.5,"S",8.79534,3.999475,14.09785
8,-15,-30,-22.5,"S",NA,NA,NA
9,-30,-45,-37.5,"S",2.38934,0,5.997525
10,-45,-60,-52.5,"S",NA,NA,NA
11,-60,-75,-67.5,"S",NA,NA,NA
12,-75,-90,-82.5,"S",2.30993,0,5
