"bin","max","min","mid","hemisphere","mean_richness","CI.Lower","CI.Upper"
1,90,75,82.5,"N",1.5,0,4
2,75,60,67.5,"N",NA,NA,NA
3,60,45,52.5,"N",7.41694,3,11.8035
4,45,30,37.5,"N",21.66236,16.40975,26.914125
5,30,15,22.5,"N",7.46814,3,12.78025
6,15,0,7.5,"N",1.92999,0,4
7,0,-15,-7.5,"S",1.33,0,4
8,-15,-30,-22.5,"S",1.62999,0,4
9,-30,-45,-37.5,"S",1.35,0,3.52499999999999
10,-45,-60,-52.5,"S",NA,NA,NA
11,-60,-75,-67.5,"S",NA,NA,NA
12,-75,-90,-82.5,"S",2.77993,0,5.999
