"bin","max","min","mid","hemisphere","mean_richness","CI.Lower","CI.Upper"
1,90,75,82.5,"N",0.81,0,3
2,75,60,67.5,"N",1.04,0,3
3,60,45,52.5,"N",2.3199,0,5
4,45,30,37.5,"N",17.16124,11.0967,22.5634
5,30,15,22.5,"N",10.30747,5,15.329125
6,15,0,7.5,"N",6.1755,2,11.67395
7,0,-15,-7.5,"S",NA,NA,NA
8,-15,-30,-22.5,"S",NA,NA,NA
9,-30,-45,-37.5,"S",0.83,0,3
10,-45,-60,-52.5,"S",0.71,0,2.52499999999999
11,-60,-75,-67.5,"S",NA,NA,NA
12,-75,-90,-82.5,"S",NA,NA,NA
