"bin","max","min","mid","hemisphere","mean_richness","CI.Lower","CI.Upper"
1,90,75,82.5,"N",NA,NA,NA
2,75,60,67.5,"N",2.59992,0,5.52289999999999
3,60,45,52.5,"N",0.55,0,2
4,45,30,37.5,"N",13.47744,7.97325,20.317425
5,30,15,22.5,"N",12.95311,6.982825,18.486125
6,15,0,7.5,"N",8.98183,3,15.457675
7,0,-15,-7.5,"S",NA,NA,NA
8,-15,-30,-22.5,"S",NA,NA,NA
9,-30,-45,-37.5,"S",0.43,0,2
10,-45,-60,-52.5,"S",0.71,0,2.52499999999999
11,-60,-75,-67.5,"S",NA,NA,NA
12,-75,-90,-82.5,"S",NA,NA,NA
