"bin","max","min","mid","hemisphere","mean_richness","CI.Lower","CI.Upper"
1,90,75,82.5,"N",NA,NA,NA
2,75,60,67.5,"N",3.78726,1,6.9942
3,60,45,52.5,"N",0.98,0,3
4,45,30,37.5,"N",13.75299,8.768425,19.87085
5,30,15,22.5,"N",11.74881,5,18.1073
6,15,0,7.5,"N",5.04734,1.475,9.938875
7,0,-15,-7.5,"S",NA,NA,NA
8,-15,-30,-22.5,"S",1.28,0,4
9,-30,-45,-37.5,"S",NA,NA,NA
10,-45,-60,-52.5,"S",0.73,0,2.52499999999999
11,-60,-75,-67.5,"S",NA,NA,NA
12,-75,-90,-82.5,"S",NA,NA,NA
