"bin","max","min","mid","hemisphere","mean_richness","CI.Lower","CI.Upper"
1,90,75,82.5,"N",NA,NA,NA
2,75,60,67.5,"N",4.39351,1,8.48817499999999
3,60,45,52.5,"N",2.17994,0,5
4,45,30,37.5,"N",16.21665,10.6669,21.39145
5,30,15,22.5,"N",16.01088,9.924225,21.742675
6,15,0,7.5,"N",13.05277,7.90195,17.7858
7,0,-15,-7.5,"S",NA,NA,NA
8,-15,-30,-22.5,"S",1.55999,0,4
9,-30,-45,-37.5,"S",NA,NA,NA
10,-45,-60,-52.5,"S",1.47,0,4
11,-60,-75,-67.5,"S",NA,NA,NA
12,-75,-90,-82.5,"S",NA,NA,NA
