"bin","max","min","mid","hemisphere","mean_richness","CI.Lower","CI.Upper"
1,90,75,82.5,"N",NA,NA,NA
2,75,60,67.5,"N",NA,NA,NA
3,60,45,52.5,"N",10.64984,5.4712,15.712275
4,45,30,37.5,"N",12.27606,5.998,19.150225
5,30,15,22.5,"N",11.62065,6.47215,17.730425
6,15,0,7.5,"N",4.74761,1.475,8.974525
7,0,-15,-7.5,"S",NA,NA,NA
8,-15,-30,-22.5,"S",0.62,0,2
9,-30,-45,-37.5,"S",0.86,0,3
10,-45,-60,-52.5,"S",4.84175,1,9.90815
11,-60,-75,-67.5,"S",0.87,0,3
12,-75,-90,-82.5,"S",NA,NA,NA
