"bin","max","min","mid","hemisphere","mean_richness","CI.Lower","CI.Upper"
1,90,75,82.5,"N",NA,NA,NA
2,75,60,67.5,"N",NA,NA,NA
3,60,45,52.5,"N",17.344,10.76475,22.89025
4,45,30,37.5,"N",19.375,13.93275,24.2605
5,30,15,22.5,"N",17.566,11.6795,23.021
6,15,0,7.5,"N",12.6794,6,18.04575
7,0,-15,-7.5,"S",NA,NA,NA
8,-15,-30,-22.5,"S",2.4,0,6
9,-30,-45,-37.5,"S",2.53,0,6
10,-45,-60,-52.5,"S",10.4864,5,16.26825
11,-60,-75,-67.5,"S",1.7198,0,4.52499999999999
12,-75,-90,-82.5,"S",NA,NA,NA
