"bin","max","min","mid","hemisphere","mean_richness","CI.Lower","CI.Upper"
1,90,75,82.5,"N",NA,NA,NA
2,75,60,67.5,"N",7.74271,3.475,13.147325
3,60,45,52.5,"N",9.58912,4.996475,14.65925
4,45,30,37.5,"N",19.15894,14.45075,23.589775
5,30,15,22.5,"N",12.5395,6.984275,17.894075
6,15,0,7.5,"N",8.82981,4,13.624925
7,0,-15,-7.5,"S",2.02999,0,5
8,-15,-30,-22.5,"S",0.78,0,3
9,-30,-45,-37.5,"S",1.81999,0,4.999525
10,-45,-60,-52.5,"S",NA,NA,NA
11,-60,-75,-67.5,"S",1.14,0,3
12,-75,-90,-82.5,"S",NA,NA,NA
