"bin","max","min","mid","hemisphere","mean_richness","CI.Lower","CI.Upper"
1,90,75,82.5,"N",NA,NA,NA
2,75,60,67.5,"N",5.68234,2,9.92615
3,60,45,52.5,"N",12.5184,6.94945,18.466425
4,45,30,37.5,"N",20.28412,15.7279,25.046175
5,30,15,22.5,"N",9.02388,4,14.4942
6,15,0,7.5,"N",1.66,0,5
7,0,-15,-7.5,"S",1.11,0,4
8,-15,-30,-22.5,"S",1.89998,0,5
9,-30,-45,-37.5,"S",0.85,0,3
10,-45,-60,-52.5,"S",NA,NA,NA
11,-60,-75,-67.5,"S",0.67,0,2
12,-75,-90,-82.5,"S",NA,NA,NA
