"bin","max","min","mid","hemisphere","mean_richness","CI.Lower","CI.Upper"
1,90,75,82.5,"N",NA,NA,NA
2,75,60,67.5,"N",1.98984,0,5
3,60,45,52.5,"N",4.21873,0.475,7.99205
4,45,30,37.5,"N",26.41461,21.9808,29.41975
5,30,15,22.5,"N",8.10106,4,13.127775
6,15,0,7.5,"N",10.47115,5.988375,15.629825
7,0,-15,-7.5,"S",1.87,0,5
8,-15,-30,-22.5,"S",NA,NA,NA
9,-30,-45,-37.5,"S",9.17518,3.997375,14.0353
10,-45,-60,-52.5,"S",1.91999,0,4
11,-60,-75,-67.5,"S",NA,NA,NA
12,-75,-90,-82.5,"S",NA,NA,NA
