"bin","max","min","mid","hemisphere","mean_richness","CI.Lower","CI.Upper"
1,90,75,82.5,"N",NA,NA,NA
2,75,60,67.5,"N",0.94,0,3
3,60,45,52.5,"N",3.73854,1,7.979525
4,45,30,37.5,"N",20.93285,15.534125,26.11715
5,30,15,22.5,"N",6.6651,3,11.3064
6,15,0,7.5,"N",5.27294,2,9.82455
7,0,-15,-7.5,"S",1.85997,0,5
8,-15,-30,-22.5,"S",0.72,0,3
9,-30,-45,-37.5,"S",4.23765,1,7.990525
10,-45,-60,-52.5,"S",0.43,0,2
11,-60,-75,-67.5,"S",NA,NA,NA
12,-75,-90,-82.5,"S",NA,NA,NA
