"bin","max","min","mid","hemisphere","mean_richness","CI.Lower","CI.Upper"
1,90,75,82.5,"N",NA,NA,NA
2,75,60,67.5,"N",0.77,0,3
3,60,45,52.5,"N",4.06791,1,7.985025
4,45,30,37.5,"N",18.66078,11.689575,24.06775
5,30,15,22.5,"N",9.06011,4.475,14.404575
6,15,0,7.5,"N",5.49583,1.475,10.869775
7,0,-15,-7.5,"S",1.44999,0,4
8,-15,-30,-22.5,"S",1.74985,0,5
9,-30,-45,-37.5,"S",4.23627,1,8.92015
10,-45,-60,-52.5,"S",1.26,0,4
11,-60,-75,-67.5,"S",NA,NA,NA
12,-75,-90,-82.5,"S",NA,NA,NA
