"bin","max","min","mid","hemisphere","mean_richness","CI.Lower","CI.Upper"
1,90,75,82.5,"N",NA,NA,NA
2,75,60,67.5,"N",0.94,0,3
3,60,45,52.5,"N",5.47571,2,11.3232
4,45,30,37.5,"N",21.50527,16.318825,26.3384
5,30,15,22.5,"N",3.5489,0,7.97915
6,15,0,7.5,"N",6.32225,2.474525,10.900775
7,0,-15,-7.5,"S",NA,NA,NA
8,-15,-30,-22.5,"S",NA,NA,NA
9,-30,-45,-37.5,"S",3.00876,0,7.50269999999999
10,-45,-60,-52.5,"S",1.83,0,4
11,-60,-75,-67.5,"S",NA,NA,NA
12,-75,-90,-82.5,"S",NA,NA,NA
