"bin","max","min","mid","hemisphere","mean_richness","CI.Lower","CI.Upper"
1,90,75,82.5,"N",1.95,0,5
2,75,60,67.5,"N",1.66,0,4
3,60,45,52.5,"N",14.8956,9.91375,21.16675
4,45,30,37.5,"N",26.6663,22.3605,29.896
5,30,15,22.5,"N",16.4602,9.93475,22.1615
6,15,0,7.5,"N",2.8898,0,6
7,0,-15,-7.5,"S",4.4519,2,9.48449999999999
8,-15,-30,-22.5,"S",10.4507,5.47025,15.77225
9,-30,-45,-37.5,"S",8.5742,3.475,13.4015
10,-45,-60,-52.5,"S",NA,NA,NA
11,-60,-75,-67.5,"S",NA,NA,NA
12,-75,-90,-82.5,"S",1.79,0,5
