"bin","max","min","mid","hemisphere","mean_richness","CI.Lower","CI.Upper"
1,90,75,82.5,"N",1.33,0,3
2,75,60,67.5,"N",0.97,0,3
3,60,45,52.5,"N",8.06117,3.475,12.750375
4,45,30,37.5,"N",20.16538,13.752825,25.144525
5,30,15,22.5,"N",11.04554,5.999475,16.4564
6,15,0,7.5,"N",1.87999,0,5
7,0,-15,-7.5,"S",1.05,0,4
8,-15,-30,-22.5,"S",7.38027,3,12.300325
9,-30,-45,-37.5,"S",3.86688,0,8.960575
10,-45,-60,-52.5,"S",NA,NA,NA
11,-60,-75,-67.5,"S",NA,NA,NA
12,-75,-90,-82.5,"S",1.07,0,3
