"bin","max","min","mid","hemisphere","mean_richness","CI.Lower","CI.Upper"
1,90,75,82.5,"N",3.63947,0,6.996525
2,75,60,67.5,"N",3.53824,0,7.51359999999999
3,60,45,52.5,"N",13.14323,8.6896,18.06455
4,45,30,37.5,"N",23.22382,17.634775,27.305775
5,30,15,22.5,"N",16.59454,11.5447,21.625575
6,15,0,7.5,"N",0.75,0,3
7,0,-15,-7.5,"S",0.3,0,2
8,-15,-30,-22.5,"S",NA,NA,NA
9,-30,-45,-37.5,"S",0.6,0,3
10,-45,-60,-52.5,"S",NA,NA,NA
11,-60,-75,-67.5,"S",NA,NA,NA
12,-75,-90,-82.5,"S",NA,NA,NA
