"bin","max","min","mid","hemisphere","mean_richness","CI.Lower","CI.Upper"
1,90,75,82.5,"N",3.63935,0,6.996
2,75,60,67.5,"N",6.99261,3,12.077
3,60,45,52.5,"N",12.30273,6.354,17.34815
4,45,30,37.5,"N",24.51099,20.096475,28.06595
5,30,15,22.5,"N",17.66462,11.519675,23.1509
6,15,0,7.5,"N",3.87717,1,7.977675
7,0,-15,-7.5,"S",0.22,0,1.52499999999999
8,-15,-30,-22.5,"S",0.23,0,1
9,-30,-45,-37.5,"S",NA,NA,NA
10,-45,-60,-52.5,"S",0.27,0,1
11,-60,-75,-67.5,"S",NA,NA,NA
12,-75,-90,-82.5,"S",NA,NA,NA
