"bin","max","min","mid","hemisphere","mean_richness","CI.Lower","CI.Upper"
1,90,75,82.5,"N",NA,NA,NA
2,75,60,67.5,"N",NA,NA,NA
3,60,45,52.5,"N",10.99439,5.45125,17.266
4,45,30,37.5,"N",5.4559,1.475,10.42595
5,30,15,22.5,"N",1.09999,0,3
6,15,0,7.5,"N",6.39115,2,11.1215
7,0,-15,-7.5,"S",11.55441,3.4712,18.075125
8,-15,-30,-22.5,"S",3.57897,0.475,7.51679999999999
9,-30,-45,-37.5,"S",1.38,0,4.52499999999999
10,-45,-60,-52.5,"S",0.97,0,3
11,-60,-75,-67.5,"S",NA,NA,NA
12,-75,-90,-82.5,"S",NA,NA,NA
