"bin","max","min","mid","hemisphere","mean_richness","CI.Lower","CI.Upper"
1,90,75,82.5,"N",NA,NA,NA
2,75,60,67.5,"N",6.85658,2.475,11.327625
3,60,45,52.5,"N",23.81105,19.140975,28.797475
4,45,30,37.5,"N",27.76513,23.776925,31.28955
5,30,15,22.5,"N",12.76405,6.988475,18.2231
6,15,0,7.5,"N",6.50633,2.475,11.240475
7,0,-15,-7.5,"S",1.95995,0,5
8,-15,-30,-22.5,"S",NA,NA,NA
9,-30,-45,-37.5,"S",2.42,0,5
10,-45,-60,-52.5,"S",2.12999,0,5
11,-60,-75,-67.5,"S",NA,NA,NA
12,-75,-90,-82.5,"S",1.45999,0,4
