"bin","max","min","mid","hemisphere","mean_richness","CI.Lower","CI.Upper"
1,90,75,82.5,"N",6.4574,3,12.21625
2,75,60,67.5,"N",NA,NA,NA
3,60,45,52.5,"N",NA,NA,NA
4,45,30,37.5,"N",NA,NA,NA
5,30,15,22.5,"N",8.5186,3,14.3738
6,15,0,7.5,"N",1.72,0,4.52499999999999
7,0,-15,-7.5,"S",14.676,10.2005,19.195
8,-15,-30,-22.5,"S",12.03767,6.8478,16.891075
9,-30,-45,-37.5,"S",4.33898,1,9.43002499999999
10,-45,-60,-52.5,"S",NA,NA,NA
11,-60,-75,-67.5,"S",NA,NA,NA
12,-75,-90,-82.5,"S",7.00135,3,10.8004
