"bin","max","min","mid","hemisphere","mean_richness","CI.Lower","CI.Upper"
1,90,75,82.5,"N",NA,NA,NA
2,75,60,67.5,"N",0.28,0,2
3,60,45,52.5,"N",10.83215,5.4195,15.735225
4,45,30,37.5,"N",16.0706,8.93165,21.903425
5,30,15,22.5,"N",3.4488,0,6.997
6,15,0,7.5,"N",1.81995,0,4.52237499999999
7,0,-15,-7.5,"S",NA,NA,NA
8,-15,-30,-22.5,"S",NA,NA,NA
9,-30,-45,-37.5,"S",2.77935,0,6
10,-45,-60,-52.5,"S",6.94081,2.475,11.232975
11,-60,-75,-67.5,"S",NA,NA,NA
12,-75,-90,-82.5,"S",NA,NA,NA
