"bin","max","min","mid","hemisphere","mean_richness","CI.Lower","CI.Upper"
1,90,75,82.5,"N",NA,NA,NA
2,75,60,67.5,"N",1.59,0,4
3,60,45,52.5,"N",16.5729,10.29075,21.956
4,45,30,37.5,"N",23.5201,16.8695,27.82575
5,30,15,22.5,"N",12.2944,7,17.6435
6,15,0,7.5,"N",3.9485,1,7.99525
7,0,-15,-7.5,"S",NA,NA,NA
8,-15,-30,-22.5,"S",NA,NA,NA
9,-30,-45,-37.5,"S",1.91,0,4
10,-45,-60,-52.5,"S",15.0718,9.37925,19.37175
11,-60,-75,-67.5,"S",1.9399,0,5
12,-75,-90,-82.5,"S",NA,NA,NA
