"bin","max","min","mid","hemisphere","mean_richness","CI.Lower","CI.Upper"
1,90,75,82.5,"N",NA,NA,NA
2,75,60,67.5,"N",0.56,0,2
3,60,45,52.5,"N",8.42347,4.998475,13.109825
4,45,30,37.5,"N",13.48452,7.973,19.0245
5,30,15,22.5,"N",5.47581,2,8.97905
6,15,0,7.5,"N",1.48,0,4
7,0,-15,-7.5,"S",NA,NA,NA
8,-15,-30,-22.5,"S",NA,NA,NA
9,-30,-45,-37.5,"S",0.87,0,3
10,-45,-60,-52.5,"S",6.34885,2.475,10.888575
11,-60,-75,-67.5,"S",NA,NA,NA
12,-75,-90,-82.5,"S",NA,NA,NA
