"bin","max","min","mid","hemisphere","mean_richness","CI.Lower","CI.Upper"
1,90,75,82.5,"N",1.58,0,4.52499999999999
2,75,60,67.5,"N",2.5099,0,6
3,60,45,52.5,"N",13.5697,7.9585,20.942
4,45,30,37.5,"N",22.797,18.37275,27.98225
5,30,15,22.5,"N",9.2292,4,14.45625
6,15,0,7.5,"N",1.08,0,3
7,0,-15,-7.5,"S",4.8746,1,9.43774999999999
8,-15,-30,-22.5,"S",0.88,0,3
9,-30,-45,-37.5,"S",2.5,0,5
10,-45,-60,-52.5,"S",1.67,0,4
11,-60,-75,-67.5,"S",NA,NA,NA
12,-75,-90,-82.5,"S",NA,NA,NA
