"bin","max","min","mid","hemisphere","mean_richness","CI.Lower","CI.Upper"
1,90,75,82.5,"N",0.47,0,2
2,75,60,67.5,"N",1.35,0,4.52499999999999
3,60,45,52.5,"N",10.75698,5.99795,15.672075
4,45,30,37.5,"N",17.4556,11.96285,22.118625
5,30,15,22.5,"N",6.77493,2.475,11.77355
6,15,0,7.5,"N",2.12993,0,5
7,0,-15,-7.5,"S",2.30978,0,5
8,-15,-30,-22.5,"S",0.34,0,2
9,-30,-45,-37.5,"S",NA,NA,NA
10,-45,-60,-52.5,"S",0.44,0,2
11,-60,-75,-67.5,"S",NA,NA,NA
12,-75,-90,-82.5,"S",NA,NA,NA
