"bin","max","min","mid","hemisphere","mean_richness","CI.Lower","CI.Upper"
1,90,75,82.5,"N",0.87,0,2.52499999999999
2,75,60,67.5,"N",1.33,0,3.52499999999999
3,60,45,52.5,"N",8.74860000000001,4,14.495875
4,45,30,37.5,"N",17.08035,12.603175,22.56355
5,30,15,22.5,"N",5.89993,2,11.799575
6,15,0,7.5,"N",NA,NA,NA
7,0,-15,-7.5,"S",2.43961,0,5.99805
8,-15,-30,-22.5,"S",0.26,0,1
9,-30,-45,-37.5,"S",NA,NA,NA
10,-45,-60,-52.5,"S",0.59,0,2
11,-60,-75,-67.5,"S",NA,NA,NA
12,-75,-90,-82.5,"S",NA,NA,NA
