"bin","max","min","mid","hemisphere","mean_richness","CI.Lower","CI.Upper"
1,90,75,82.5,"N",0.13,0,1
2,75,60,67.5,"N",NA,NA,NA
3,60,45,52.5,"N",5.02266,1,9.44367499999999
4,45,30,37.5,"N",24.85606,20.6514,28.55325
5,30,15,22.5,"N",11.87537,6.994475,16.56195
6,15,0,7.5,"N",1.83998,0,5
7,0,-15,-7.5,"S",0.3,0,2
8,-15,-30,-22.5,"S",0.3,0,2
9,-30,-45,-37.5,"S",1.09,0,3
10,-45,-60,-52.5,"S",0.9,0,3
11,-60,-75,-67.5,"S",0.32,0,2
12,-75,-90,-82.5,"S",NA,NA,NA
