"bin","max","min","mid","hemisphere","mean_richness","CI.Lower","CI.Upper"
1,90,75,82.5,"N",1.17,0,4
2,75,60,67.5,"N",1.5,0,4
3,60,45,52.5,"N",14.5269,7.4365,20.362
4,45,30,37.5,"N",27.0348,22.025,31.54725
5,30,15,22.5,"N",9.4215,4,14.847
6,15,0,7.5,"N",4.0387,1,7.99525
7,0,-15,-7.5,"S",3.2289,0.475,7.51449999999999
8,-15,-30,-22.5,"S",1.54,0,4
9,-30,-45,-37.5,"S",1.57,0,5
10,-45,-60,-52.5,"S",1.58,0,4.52499999999999
11,-60,-75,-67.5,"S",1.68,0,5
12,-75,-90,-82.5,"S",NA,NA,NA
