"bin","max","min","mid","hemisphere","mean_richness","CI.Lower","CI.Upper"
1,90,75,82.5,"N",NA,NA,NA
2,75,60,67.5,"N",NA,NA,NA
3,60,45,52.5,"N",20.9112,16.0185,25.33
4,45,30,37.5,"N",23.2309,18.60525,26.70075
5,30,15,22.5,"N",10.2721,4,16.82875
6,15,0,7.5,"N",NA,NA,NA
7,0,-15,-7.5,"S",3.1894,0,6.98575
8,-15,-30,-22.5,"S",2.7989,0,6.98525
9,-30,-45,-37.5,"S",4.4261,1,7.98525
10,-45,-60,-52.5,"S",4.2286,1,8
11,-60,-75,-67.5,"S",2.3699,0,5
12,-75,-90,-82.5,"S",NA,NA,NA
