"bin","max","min","mid","hemisphere","mean_richness","CI.Lower","CI.Upper"
1,90,75,82.5,"N",NA,NA,NA
2,75,60,67.5,"N",1.99,0,4
3,60,45,52.5,"N",8.72119,4,14.1076
4,45,30,37.5,"N",17.53861,11.146175,24.360325
5,30,15,22.5,"N",9.34445,3,14.260875
6,15,0,7.5,"N",3.70869,1,7.51292499999999
7,0,-15,-7.5,"S",5.17873,1,9.43984999999999
8,-15,-30,-22.5,"S",7.65022,3,14.002825
9,-30,-45,-37.5,"S",3.5095,1,6.996
10,-45,-60,-52.5,"S",1.34,0,4
11,-60,-75,-67.5,"S",1.06,0,3
12,-75,-90,-82.5,"S",2.17992,0,6
