"bin","max","min","mid","hemisphere","mean_richness","CI.Lower","CI.Upper"
1,90,75,82.5,"N",NA,NA,NA
2,75,60,67.5,"N",6.28892,2,10.8404
3,60,45,52.5,"N",3.71843,1,7.961
4,45,30,37.5,"N",16.73366,11.434225,21.186925
5,30,15,22.5,"N",14.16578,8.8454,20.06285
6,15,0,7.5,"N",5.43898,1.475,9.9442
7,0,-15,-7.5,"S",8.7077,3,14.6106
8,-15,-30,-22.5,"S",9.50486,4,14.253025
9,-30,-45,-37.5,"S",2.33953,0,5.999
10,-45,-60,-52.5,"S",NA,NA,NA
11,-60,-75,-67.5,"S",2.52994,0,6
12,-75,-90,-82.5,"S",NA,NA,NA
