"bin","max","min","mid","hemisphere","mean_richness","CI.Lower","CI.Upper"
1,90,75,82.5,"N",0.52,0,2
2,75,60,67.5,"N",1.42,0,4
3,60,45,52.5,"N",0.23,0,1
4,45,30,37.5,"N",15.63359,10.1918,20.017575
5,30,15,22.5,"N",6.77819,2,11.734075
6,15,0,7.5,"N",7.39423,3,11.818375
7,0,-15,-7.5,"S",12.10802,6.98475,16.325225
8,-15,-30,-22.5,"S",2.82986,0,6
9,-30,-45,-37.5,"S",8.32311,4,13.5085
10,-45,-60,-52.5,"S",5.95366,2,9.92105
11,-60,-75,-67.5,"S",8.66139,4.999,13.5793
12,-75,-90,-82.5,"S",2.0896,0,5
