"bin","max","min","mid","hemisphere","mean_richness","CI.Lower","CI.Upper"
1,90,75,82.5,"N",NA,NA,NA
2,75,60,67.5,"N",1.98,0,4
3,60,45,52.5,"N",6.73427,2.475,12.254075
4,45,30,37.5,"N",14.44907,8.3112,20.164225
5,30,15,22.5,"N",16.61037,10.351275,21.3177
6,15,0,7.5,"N",2.25991,0,5.998525
7,0,-15,-7.5,"S",6.73229,1.475,12.28335
8,-15,-30,-22.5,"S",2.29988,0,5.52132499999999
9,-30,-45,-37.5,"S",NA,NA,NA
10,-45,-60,-52.5,"S",NA,NA,NA
11,-60,-75,-67.5,"S",NA,NA,NA
12,-75,-90,-82.5,"S",NA,NA,NA
