"bin","max","min","mid","hemisphere","mean_richness","CI.Lower","CI.Upper"
1,90,75,82.5,"N",NA,NA,NA
2,75,60,67.5,"N",NA,NA,NA
3,60,45,52.5,"N",1.85,0,5
4,45,30,37.5,"N",16.72864,10.31225,22.89145
5,30,15,22.5,"N",3.76941,1,7.51927499999999
6,15,0,7.5,"N",1.04,0,3
7,0,-15,-7.5,"S",1.03,0,3.52499999999999
8,-15,-30,-22.5,"S",0.85,0,3
9,-30,-45,-37.5,"S",2.75995,0,5.999525
10,-45,-60,-52.5,"S",1.44,0,4
11,-60,-75,-67.5,"S",NA,NA,NA
12,-75,-90,-82.5,"S",NA,NA,NA
