"bin","max","min","mid","hemisphere","mean_richness","CI.Lower","CI.Upper"
1,90,75,82.5,"N",NA,NA,NA
2,75,60,67.5,"N",0.46,0,2
3,60,45,52.5,"N",2.24972,0,5.999525
4,45,30,37.5,"N",17.76137,11.84925,22.645825
5,30,15,22.5,"N",4.00549,0.475,8.949375
6,15,0,7.5,"N",1.15,0,3
7,0,-15,-7.5,"S",1.11,0,3
8,-15,-30,-22.5,"S",NA,NA,NA
9,-30,-45,-37.5,"S",3.72841,0.475,6.995575
10,-45,-60,-52.5,"S",0.63,0,2.52499999999999
11,-60,-75,-67.5,"S",NA,NA,NA
12,-75,-90,-82.5,"S",NA,NA,NA
