"bin","max","min","mid","hemisphere","mean_richness","CI.Lower","CI.Upper"
1,90,75,82.5,"N",NA,NA,NA
2,75,60,67.5,"N",NA,NA,NA
3,60,45,52.5,"N",10.6286,5,15.6185
4,45,30,37.5,"N",26.8484,21.85875,30.29625
5,30,15,22.5,"N",7.7467,3,13.63825
6,15,0,7.5,"N",3.9994,1,7
7,0,-15,-7.5,"S",2.0499,0,5
8,-15,-30,-22.5,"S",2.71,0,6
9,-30,-45,-37.5,"S",8.3123,4,12.77725
10,-45,-60,-52.5,"S",1.75,0,5
11,-60,-75,-67.5,"S",NA,NA,NA
12,-75,-90,-82.5,"S",NA,NA,NA
