"bin","max","min","mid","hemisphere","mean_richness","CI.Lower","CI.Upper"
1,90,75,82.5,"N",NA,NA,NA
2,75,60,67.5,"N",NA,NA,NA
3,60,45,52.5,"N",3.42779,0,7.980675
4,45,30,37.5,"N",22.08354,17.377625,26.55755
5,30,15,22.5,"N",1.22999,0,4.52447499999999
6,15,0,7.5,"N",1.15,0,3
7,0,-15,-7.5,"S",1.84996,0,4.99905
8,-15,-30,-22.5,"S",NA,NA,NA
9,-30,-45,-37.5,"S",2.20999,0,5
10,-45,-60,-52.5,"S",3.7127,1,6.9951
11,-60,-75,-67.5,"S",NA,NA,NA
12,-75,-90,-82.5,"S",NA,NA,NA
