"bin","max","min","mid","hemisphere","mean_richness","CI.Lower","CI.Upper"
1,90,75,82.5,"N",NA,NA,NA
2,75,60,67.5,"N",1.02,0,3
3,60,45,52.5,"N",12.7287,6.99475,18.02425
4,45,30,37.5,"N",22.6092,17.72725,26.71925
5,30,15,22.5,"N",24.3365,19.71475,29.33575
6,15,0,7.5,"N",13.0084,7,18.67825
7,0,-15,-7.5,"S",2.2098,0,5
8,-15,-30,-22.5,"S",NA,NA,NA
9,-30,-45,-37.5,"S",1.39,0,5
10,-45,-60,-52.5,"S",1.51,0,4
11,-60,-75,-67.5,"S",1.34,0,4
12,-75,-90,-82.5,"S",NA,NA,NA
