"bin","max","min","mid","hemisphere","mean_richness","CI.Lower","CI.Upper"
1,90,75,82.5,"N",NA,NA,NA
2,75,60,67.5,"N",NA,NA,NA
3,60,45,52.5,"N",1.14,0,3
4,45,30,37.5,"N",21.82259,18.032975,25.47145
5,30,15,22.5,"N",4.95663,1,8.963975
6,15,0,7.5,"N",5.52347,2,10.407625
7,0,-15,-7.5,"S",0.34,0,2
8,-15,-30,-22.5,"S",0.54,0,2.52499999999999
9,-30,-45,-37.5,"S",0.41,0,2
10,-45,-60,-52.5,"S",0.51,0,2
11,-60,-75,-67.5,"S",NA,NA,NA
12,-75,-90,-82.5,"S",NA,NA,NA
