"bin","max","min","mid","hemisphere","mean_richness","CI.Lower","CI.Upper"
1,90,75,82.5,"N",NA,NA,NA
2,75,60,67.5,"N",NA,NA,NA
3,60,45,52.5,"N",2.13999,0,5
4,45,30,37.5,"N",21.57672,17.17445,25.5991
5,30,15,22.5,"N",9.92539999999999,4.475,14.111825
6,15,0,7.5,"N",10.39017,5.9897,14.9264
7,0,-15,-7.5,"S",0.83,0,3
8,-15,-30,-22.5,"S",0.2,0,1
9,-30,-45,-37.5,"S",0.41,0,2
10,-45,-60,-52.5,"S",0.12,0,1
11,-60,-75,-67.5,"S",0.68,0,3
12,-75,-90,-82.5,"S",NA,NA,NA
