"bin","max","min","mid","hemisphere","mean_richness","CI.Lower","CI.Upper"
1,90,75,82.5,"N",NA,NA,NA
2,75,60,67.5,"N",NA,NA,NA
3,60,45,52.5,"N",7.15549,3,12.589825
4,45,30,37.5,"N",15.54444,10.807975,20.293225
5,30,15,22.5,"N",18.4722,11.7977,24.499375
6,15,0,7.5,"N",6.08331,2,10.915575
7,0,-15,-7.5,"S",0.29,0,1.52499999999999
8,-15,-30,-22.5,"S",NA,NA,NA
9,-30,-45,-37.5,"S",0.35,0,2
10,-45,-60,-52.5,"S",0.98,0,3
11,-60,-75,-67.5,"S",0.74,0,2.52499999999999
12,-75,-90,-82.5,"S",NA,NA,NA
