"bin","max","min","mid","hemisphere","mean_richness","CI.Lower","CI.Upper"
1,90,75,82.5,"N",1.36,0,4
2,75,60,67.5,"N",NA,NA,NA
3,60,45,52.5,"N",9.71705,4.450925,15.252425
4,45,30,37.5,"N",30.27594,26.321675,33.448175
5,30,15,22.5,"N",23.78603,19.906425,28.07745
6,15,0,7.5,"N",9.18625,4,14.366275
7,0,-15,-7.5,"S",0.74,0,2
8,-15,-30,-22.5,"S",6.81197,2.475,12.5382
9,-30,-45,-37.5,"S",3.33168,0,7.978875
10,-45,-60,-52.5,"S",NA,NA,NA
11,-60,-75,-67.5,"S",0.32,0,2
12,-75,-90,-82.5,"S",NA,NA,NA
