"bin","max","min","mid","hemisphere","mean_richness","CI.Lower","CI.Upper"
1,90,75,82.5,"N",NA,NA,NA
2,75,60,67.5,"N",NA,NA,NA
3,60,45,52.5,"N",1.1,0,4
4,45,30,37.5,"N",15.3986,10.1877,20.9415
5,30,15,22.5,"N",2.22999,0,5.52447499999999
6,15,0,7.5,"N",3.88683,1,7.98335
7,0,-15,-7.5,"S",1.74,0,4.52499999999999
8,-15,-30,-22.5,"S",0.29,0,1.52499999999999
9,-30,-45,-37.5,"S",2.50964,0,6.04527499999998
10,-45,-60,-52.5,"S",1.11,0,3
11,-60,-75,-67.5,"S",1.1,0,3
12,-75,-90,-82.5,"S",NA,NA,NA
