"bin","max","min","mid","hemisphere","mean_richness","CI.Lower","CI.Upper"
1,90,75,82.5,"N",NA,NA,NA
2,75,60,67.5,"N",NA,NA,NA
3,60,45,52.5,"N",NA,NA,NA
4,45,30,37.5,"N",6.49262,3,10.890975
5,30,15,22.5,"N",1.62999,0,4.52499999999999
6,15,0,7.5,"N",NA,NA,NA
7,0,-15,-7.5,"S",8.78972,4,14.9641
8,-15,-30,-22.5,"S",4.14876,1,7.994575
9,-30,-45,-37.5,"S",2.64982,0,5.999525
10,-45,-60,-52.5,"S",NA,NA,NA
11,-60,-75,-67.5,"S",NA,NA,NA
12,-75,-90,-82.5,"S",4.63528,1,8.949225
