"bin","max","min","mid","hemisphere","mean_richness","CI.Lower","CI.Upper"
1,90,75,82.5,"N",NA,NA,NA
2,75,60,67.5,"N",NA,NA,NA
3,60,45,52.5,"N",3.17641,0,8.49242499999999
4,45,30,37.5,"N",6.56591000000001,2,11.729
5,30,15,22.5,"N",5.5275,2,9.881875
6,15,0,7.5,"N",NA,NA,NA
7,0,-15,-7.5,"S",4.48033,1,7.97235
8,-15,-30,-22.5,"S",1.78,0,4
9,-30,-45,-37.5,"S",0.47,0,2
10,-45,-60,-52.5,"S",NA,NA,NA
11,-60,-75,-67.5,"S",NA,NA,NA
12,-75,-90,-82.5,"S",2.99932,0,6.51082499999999
