"bin","max","min","mid","hemisphere","mean_richness","CI.Lower","CI.Upper"
1,90,75,82.5,"N",1.18,0,4
2,75,60,67.5,"N",NA,NA,NA
3,60,45,52.5,"N",6.05055,2,11.566475
4,45,30,37.5,"N",8.93743,4,13.95795
5,30,15,22.5,"N",2.57964,0,5.99905
6,15,0,7.5,"N",4.26855,1,6.995575
7,0,-15,-7.5,"S",6.5459,2,10.821275
8,-15,-30,-22.5,"S",4.60823,1,7.9911
9,-30,-45,-37.5,"S",2.21988,0,5
10,-45,-60,-52.5,"S",NA,NA,NA
11,-60,-75,-67.5,"S",NA,NA,NA
12,-75,-90,-82.5,"S",1.93995,0,5
