"bin","max","min","mid","hemisphere","mean_richness","CI.Lower","CI.Upper"
1,90,75,82.5,"N",1.5,0,4
2,75,60,67.5,"N",NA,NA,NA
3,60,45,52.5,"N",10.4718,5,15.271
4,45,30,37.5,"N",22.5038,17.4775,27.0215
5,30,15,22.5,"N",16.5258,9.40225,21.185
6,15,0,7.5,"N",4.1695,1,7.99525
7,0,-15,-7.5,"S",8.3218,3,13.5745
8,-15,-30,-22.5,"S",14.692,9.8175,20.528
9,-30,-45,-37.5,"S",7.8889,3,13.24675
10,-45,-60,-52.5,"S",2.57,0,5.52499999999999
11,-60,-75,-67.5,"S",NA,NA,NA
12,-75,-90,-82.5,"S",1.65,0,4
