"bin","max","min","mid","hemisphere","mean_richness","CI.Lower","CI.Upper"
1,90,75,82.5,"N",NA,NA,NA
2,75,60,67.5,"N",0.98999,0,3
3,60,45,52.5,"N",5.26149,2,9.9264
4,45,30,37.5,"N",20.8216,14.605175,25.0913
5,30,15,22.5,"N",8.12189,3,13.162175
6,15,0,7.5,"N",4.57654,2,7.985575
7,0,-15,-7.5,"S",6.94962,3,12.158225
8,-15,-30,-22.5,"S",NA,NA,NA
9,-30,-45,-37.5,"S",7.67155,3.998475,13.07745
10,-45,-60,-52.5,"S",NA,NA,NA
11,-60,-75,-67.5,"S",NA,NA,NA
12,-75,-90,-82.5,"S",NA,NA,NA
