"bin","max","min","mid","hemisphere","mean_richness","CI.Lower","CI.Upper"
1,90,75,82.5,"N",NA,NA,NA
2,75,60,67.5,"N",2.3297,0,5.51449999999999
3,60,45,52.5,"N",14.0647,8,19.462
4,45,30,37.5,"N",28.883,25.1115,32.548
5,30,15,22.5,"N",18.2351,10.241,25.121
6,15,0,7.5,"N",9.2324,4,14.305
7,0,-15,-7.5,"S",8.2273,3,13.126
8,-15,-30,-22.5,"S",NA,NA,NA
9,-30,-45,-37.5,"S",16.8308,11.64475,22.7415
10,-45,-60,-52.5,"S",0.88,0,3
11,-60,-75,-67.5,"S",NA,NA,NA
12,-75,-90,-82.5,"S",NA,NA,NA
