"bin","max","min","mid","hemisphere","mean_richness","CI.Lower","CI.Upper"
1,90,75,82.5,"N",NA,NA,NA
2,75,60,67.5,"N",0.77,0,2
3,60,45,52.5,"N",5.87874,1.475,10.89205
4,45,30,37.5,"N",22.64243,18.06145,27.11465
5,30,15,22.5,"N",10.52255,4.959575,15.96905
6,15,0,7.5,"N",6.85616,3,11.6787
7,0,-15,-7.5,"S",8.74179,4,13.9063
8,-15,-30,-22.5,"S",NA,NA,NA
9,-30,-45,-37.5,"S",9.58033,4.985975,14.636825
10,-45,-60,-52.5,"S",NA,NA,NA
11,-60,-75,-67.5,"S",NA,NA,NA
12,-75,-90,-82.5,"S",1.05,0,3
