"bin","max","min","mid","hemisphere","mean_richness","CI.Lower","CI.Upper"
1,90,75,82.5,"N",NA,NA,NA
2,75,60,67.5,"N",2.53956,0,5
3,60,45,52.5,"N",16.48644,10.780975,21.516625
4,45,30,37.5,"N",30.8439,27.457575,33.501
5,30,15,22.5,"N",22.47928,18.262275,27.3361
6,15,0,7.5,"N",0.56,0,2.52499999999999
7,0,-15,-7.5,"S",NA,NA,NA
8,-15,-30,-22.5,"S",1.9,0,4.52499999999999
9,-30,-45,-37.5,"S",NA,NA,NA
10,-45,-60,-52.5,"S",NA,NA,NA
11,-60,-75,-67.5,"S",NA,NA,NA
12,-75,-90,-82.5,"S",NA,NA,NA
