"bin","max","min","mid","hemisphere","mean_richness","CI.Lower","CI.Upper"
1,90,75,82.5,"N",NA,NA,NA
2,75,60,67.5,"N",4.29716,1,8.47557499999999
3,60,45,52.5,"N",20.35681,15.18765,25.3461
4,45,30,37.5,"N",33.96953,31.258375,36.28375
5,30,15,22.5,"N",25.41419,21.412075,29.50645
6,15,0,7.5,"N",1.71,0,4
7,0,-15,-7.5,"S",NA,NA,NA
8,-15,-30,-22.5,"S",3.80769,1,7.50877499999999
9,-30,-45,-37.5,"S",NA,NA,NA
10,-45,-60,-52.5,"S",NA,NA,NA
11,-60,-75,-67.5,"S",NA,NA,NA
12,-75,-90,-82.5,"S",NA,NA,NA
