"bin","max","min","mid","hemisphere","mean_richness","CI.Lower","CI.Upper"
1,90,75,82.5,"N",NA,NA,NA
2,75,60,67.5,"N",NA,NA,NA
3,60,45,52.5,"N",16.7439,10.866375,21.9162
4,45,30,37.5,"N",19.86713,13.777775,24.01475
5,30,15,22.5,"N",13.28952,7.442925,18.9272
6,15,0,7.5,"N",8.08174,3,13.6031
7,0,-15,-7.5,"S",NA,NA,NA
8,-15,-30,-22.5,"S",0.32,0,2
9,-30,-45,-37.5,"S",0.92,0,3
10,-45,-60,-52.5,"S",10.15691,5,15.86665
11,-60,-75,-67.5,"S",0.94,0,3
12,-75,-90,-82.5,"S",NA,NA,NA
