"bin","max","min","mid","hemisphere","mean_richness","CI.Lower","CI.Upper"
1,90,75,82.5,"N",NA,NA,NA
2,75,60,67.5,"N",4.0887,1,7.989525
3,60,45,52.5,"N",11.71953,6.4635,16.791825
4,45,30,37.5,"N",30.80426,27.626175,34.1532
5,30,15,22.5,"N",3.41952,1,6.99705
6,15,0,7.5,"N",10.24401,5.4712,15.234075
7,0,-15,-7.5,"S",NA,NA,NA
8,-15,-30,-22.5,"S",NA,NA,NA
9,-30,-45,-37.5,"S",2.33992,0,5.999
10,-45,-60,-52.5,"S",8.3667,3,14.6332
11,-60,-75,-67.5,"S",NA,NA,NA
12,-75,-90,-82.5,"S",NA,NA,NA
