"bin","max","min","mid","hemisphere","mean_richness","CI.Lower","CI.Upper"
1,90,75,82.5,"N",NA,NA,NA
2,75,60,67.5,"N",1.52,0,4.52499999999999
3,60,45,52.5,"N",25.1337,20.2595,29.4225
4,45,30,37.5,"N",26.6923,22.67625,30.30725
5,30,15,22.5,"N",21.2973,16.7955,26.73075
6,15,0,7.5,"N",17.19,10.378,23.52625
7,0,-15,-7.5,"S",1.39,0,4
8,-15,-30,-22.5,"S",1.12,0,3
9,-30,-45,-37.5,"S",2.63,0,6
10,-45,-60,-52.5,"S",18.1414,13.41,22.463
11,-60,-75,-67.5,"S",1.71,0,4
12,-75,-90,-82.5,"S",NA,NA,NA
