"bin","max","min","mid","hemisphere","mean_richness","CI.Lower","CI.Upper"
1,90,75,82.5,"N",NA,NA,NA
2,75,60,67.5,"N",1.08,0,3.52499999999999
3,60,45,52.5,"N",15.17463,9.8218,20.09705
4,45,30,37.5,"N",29.92299,25.313425,32.8575
5,30,15,22.5,"N",4.17783,1,8.50172499999999
6,15,0,7.5,"N",5.44839,2,10.390375
7,0,-15,-7.5,"S",NA,NA,NA
8,-15,-30,-22.5,"S",NA,NA,NA
9,-30,-45,-37.5,"S",0.31,0,1
10,-45,-60,-52.5,"S",5.17089,2,10.31975
11,-60,-75,-67.5,"S",NA,NA,NA
12,-75,-90,-82.5,"S",NA,NA,NA
