"bin","max","min","mid","hemisphere","mean_richness","CI.Lower","CI.Upper"
1,90,75,82.5,"N",NA,NA,NA
2,75,60,67.5,"N",1.09,0,3
3,60,45,52.5,"N",0.65,0,3
4,45,30,37.5,"N",23.53011,19.015975,27.602525
5,30,15,22.5,"N",21.28213,16.2721,25.65515
6,15,0,7.5,"N",5.42927,2,9.91985
7,0,-15,-7.5,"S",NA,NA,NA
8,-15,-30,-22.5,"S",1.53,0,4
9,-30,-45,-37.5,"S",NA,NA,NA
10,-45,-60,-52.5,"S",NA,NA,NA
11,-60,-75,-67.5,"S",4.82807,1,8.901125
12,-75,-90,-82.5,"S",NA,NA,NA
