"bin","max","min","mid","hemisphere","mean_richness","CI.Lower","CI.Upper"
1,90,75,82.5,"N",NA,NA,NA
2,75,60,67.5,"N",7.7174,3,13.22825
3,60,45,52.5,"N",28.695,24.42375,32.44625
4,45,30,37.5,"N",23.4042,18.94325,27.62825
5,30,15,22.5,"N",22.397,16.7815,26.56125
6,15,0,7.5,"N",11.1744,5,18.195
7,0,-15,-7.5,"S",NA,NA,NA
8,-15,-30,-22.5,"S",11.2759,6,17.53825
9,-30,-45,-37.5,"S",NA,NA,NA
10,-45,-60,-52.5,"S",NA,NA,NA
11,-60,-75,-67.5,"S",3.1396,0,7
12,-75,-90,-82.5,"S",NA,NA,NA
