"bin","max","min","mid","hemisphere","mean_richness","CI.Lower","CI.Upper"
1,90,75,82.5,"N",NA,NA,NA
2,75,60,67.5,"N",2.36999,0,5
3,60,45,52.5,"N",19.83064,14.3812,24.77365
4,45,30,37.5,"N",17.92444,12.445975,22.4548
5,30,15,22.5,"N",14.95342,10.3505,21.492375
6,15,0,7.5,"N",6.54396,2,10.87025
7,0,-15,-7.5,"S",NA,NA,NA
8,-15,-30,-22.5,"S",4.75589,1,8.97925
9,-30,-45,-37.5,"S",NA,NA,NA
10,-45,-60,-52.5,"S",NA,NA,NA
11,-60,-75,-67.5,"S",1.54,0,4.52499999999999
12,-75,-90,-82.5,"S",NA,NA,NA
