"bin","max","min","mid","hemisphere","mean_richness","CI.Lower","CI.Upper"
1,90,75,82.5,"N",0.06,0,1
2,75,60,67.5,"N",5.30822,1,9.8077
3,60,45,52.5,"N",0.93,0,3
4,45,30,37.5,"N",23.11965,17.841,27.0413
5,30,15,22.5,"N",19.11927,13.676925,25.22
6,15,0,7.5,"N",3.52932,1,6.998
7,0,-15,-7.5,"S",NA,NA,NA
8,-15,-30,-22.5,"S",3.31917,0,5.999525
9,-30,-45,-37.5,"S",NA,NA,NA
10,-45,-60,-52.5,"S",NA,NA,NA
11,-60,-75,-67.5,"S",0.93,0,3
12,-75,-90,-82.5,"S",NA,NA,NA
