"bin","max","min","mid","hemisphere","mean_richness","CI.Lower","CI.Upper"
1,90,75,82.5,"N",NA,NA,NA
2,75,60,67.5,"N",5.29341,1,9.95525
3,60,45,52.5,"N",15.64108,11.17585,20.6284
4,45,30,37.5,"N",29.65718,26.3244,32.31085
5,30,15,22.5,"N",11.20541,4.999475,16.25105
6,15,0,7.5,"N",1.46,0,4
7,0,-15,-7.5,"S",NA,NA,NA
8,-15,-30,-22.5,"S",NA,NA,NA
9,-30,-45,-37.5,"S",NA,NA,NA
10,-45,-60,-52.5,"S",3.6484,1,7.51122499999999
11,-60,-75,-67.5,"S",NA,NA,NA
12,-75,-90,-82.5,"S",NA,NA,NA
