"bin","max","min","mid","hemisphere","mean_richness","CI.Lower","CI.Upper"
1,90,75,82.5,"N",NA,NA,NA
2,75,60,67.5,"N",0.65,0,2
3,60,45,52.5,"N",13.63763,8.919325,18.933275
4,45,30,37.5,"N",26.30474,22.15495,30.534525
5,30,15,22.5,"N",9.00373,3.475,14.039275
6,15,0,7.5,"N",3.42883,1,6.994525
7,0,-15,-7.5,"S",0.55,0,3
8,-15,-30,-22.5,"S",NA,NA,NA
9,-30,-45,-37.5,"S",0.33,0,2
10,-45,-60,-52.5,"S",3.77873,1,7.50672499999999
11,-60,-75,-67.5,"S",NA,NA,NA
12,-75,-90,-82.5,"S",NA,NA,NA
