"bin","max","min","mid","hemisphere","mean_richness","CI.Lower","CI.Upper"
1,90,75,82.5,"N",NA,NA,NA
2,75,60,67.5,"N",0.66,0,3.52499999999999
3,60,45,52.5,"N",16.17777,10.368325,21.6962
4,45,30,37.5,"N",19.96901,14.34855,25.3246
5,30,15,22.5,"N",14.99082,7.9242,20.51175
6,15,0,7.5,"N",3.6374,0,8.964925
7,0,-15,-7.5,"S",0.48,0,2
8,-15,-30,-22.5,"S",NA,NA,NA
9,-30,-45,-37.5,"S",NA,NA,NA
10,-45,-60,-52.5,"S",5.10444,2,8.49479999999999
11,-60,-75,-67.5,"S",NA,NA,NA
12,-75,-90,-82.5,"S",NA,NA,NA
