"bin","max","min","mid","hemisphere","mean_richness","CI.Lower","CI.Upper"
1,90,75,82.5,"N",NA,NA,NA
2,75,60,67.5,"N",1.1,0,4
3,60,45,52.5,"N",16.2964,11.7295,21.11
4,45,30,37.5,"N",26.3409,22.47025,29.9305
5,30,15,22.5,"N",9.8742,4,15.73975
6,15,0,7.5,"N",1.23,0,4
7,0,-15,-7.5,"S",3.7754,1,7.48824999999999
8,-15,-30,-22.5,"S",NA,NA,NA
9,-30,-45,-37.5,"S",1,0,3
10,-45,-60,-52.5,"S",3.4196,0,6.99525
11,-60,-75,-67.5,"S",NA,NA,NA
12,-75,-90,-82.5,"S",NA,NA,NA
