"bin","max","min","mid","hemisphere","mean_richness","CI.Lower","CI.Upper"
1,90,75,82.5,"N",NA,NA,NA
2,75,60,67.5,"N",1.49,0,4
3,60,45,52.5,"N",3.0099,0,6.51974999999999
4,45,30,37.5,"N",9.1096,4,14.752
5,30,15,22.5,"N",2.9193,0,7.50399999999999
6,15,0,7.5,"N",1.63,0,4
7,0,-15,-7.5,"S",2.2998,0,5.51974999999999
8,-15,-30,-22.5,"S",NA,NA,NA
9,-30,-45,-37.5,"S",NA,NA,NA
10,-45,-60,-52.5,"S",4.1677,1,8
11,-60,-75,-67.5,"S",NA,NA,NA
12,-75,-90,-82.5,"S",NA,NA,NA
