"bin","max","min","mid","hemisphere","mean_richness","CI.Lower","CI.Upper"
1,90,75,82.5,"N",NA,NA,NA
2,75,60,67.5,"N",NA,NA,NA
3,60,45,52.5,"N",7.42583,3,12.7784
4,45,30,37.5,"N",19.88248,14.059325,25.52915
5,30,15,22.5,"N",2.51996,0,6
6,15,0,7.5,"N",4.34712,1,8.961825
7,0,-15,-7.5,"S",2.49984,0,5.52237499999999
8,-15,-30,-22.5,"S",0.4,0,2
9,-30,-45,-37.5,"S",3.81913,1,7.992625
10,-45,-60,-52.5,"S",NA,NA,NA
11,-60,-75,-67.5,"S",NA,NA,NA
12,-75,-90,-82.5,"S",NA,NA,NA
