"bin","max","min","mid","hemisphere","mean_richness","CI.Lower","CI.Upper"
1,90,75,82.5,"N",NA,NA,NA
2,75,60,67.5,"N",NA,NA,NA
3,60,45,52.5,"N",8.41936,3.475,15.059825
4,45,30,37.5,"N",24.09106,18.371325,27.8783
5,30,15,22.5,"N",1.96,0,5
6,15,0,7.5,"N",5.94431,2.475,10.74325
7,0,-15,-7.5,"S",4.21677,1,8.49652499999999
8,-15,-30,-22.5,"S",NA,NA,NA
9,-30,-45,-37.5,"S",3.85845,1,7.98525
10,-45,-60,-52.5,"S",NA,NA,NA
11,-60,-75,-67.5,"S",NA,NA,NA
12,-75,-90,-82.5,"S",NA,NA,NA
