"bin","max","min","mid","hemisphere","mean_richness","CI.Lower","CI.Upper"
1,90,75,82.5,"N",NA,NA,NA
2,75,60,67.5,"N",NA,NA,NA
3,60,45,52.5,"N",18.2688,13.39925,22.2005
4,45,30,37.5,"N",28.1251,24.11825,31.66675
5,30,15,22.5,"N",3.8391,1,7
6,15,0,7.5,"N",9.1678,4,14.433
7,0,-15,-7.5,"S",3.4589,1,7.51974999999999
8,-15,-30,-22.5,"S",1.3799,0,4
9,-30,-45,-37.5,"S",10.6499,5.475,15.6995
10,-45,-60,-52.5,"S",1.86,0,4
11,-60,-75,-67.5,"S",NA,NA,NA
12,-75,-90,-82.5,"S",NA,NA,NA
