"bin","max","min","mid","hemisphere","mean_richness","CI.Lower","CI.Upper"
1,90,75,82.5,"N",NA,NA,NA
2,75,60,67.5,"N",1.28,0,3
3,60,45,52.5,"N",16.3759,10.724725,22.189525
4,45,30,37.5,"N",20.57477,15.00265,25.49615
5,30,15,22.5,"N",13.98662,6.473575,20.0872
6,15,0,7.5,"N",1.67,0,4.52499999999999
7,0,-15,-7.5,"S",1.47,0,4
8,-15,-30,-22.5,"S",3.30921,0,7.985525
9,-30,-45,-37.5,"S",2.38997,0,5
10,-45,-60,-52.5,"S",0.73,0,3
11,-60,-75,-67.5,"S",2.08978,0,5.999
12,-75,-90,-82.5,"S",0.88,0,3
