"bin","max","min","mid","hemisphere","mean_richness","CI.Lower","CI.Upper"
1,90,75,82.5,"N",0.07,0,1
2,75,60,67.5,"N",1.17,0,3
3,60,45,52.5,"N",5.95548,3,11.777175
4,45,30,37.5,"N",24.2908,18.661975,28.0941
5,30,15,22.5,"N",17.52722,10.870375,22.374025
6,15,0,7.5,"N",0.95,0,3
7,0,-15,-7.5,"S",NA,NA,NA
8,-15,-30,-22.5,"S",1.66999,0,4
9,-30,-45,-37.5,"S",1.69,0,4
10,-45,-60,-52.5,"S",NA,NA,NA
11,-60,-75,-67.5,"S",1.65999,0,4
12,-75,-90,-82.5,"S",NA,NA,NA
