"bin","max","min","mid","hemisphere","mean_richness","CI.Lower","CI.Upper"
1,90,75,82.5,"N",NA,NA,NA
2,75,60,67.5,"N",NA,NA,NA
3,60,45,52.5,"N",2.46,0,6
4,45,30,37.5,"N",18.3619,12.0625,23.167
5,30,15,22.5,"N",8.6516,4,13.66
6,15,0,7.5,"N",10.2071,5.47025,15.19525
7,0,-15,-7.5,"S",4.4281,1,9.48824999999999
8,-15,-30,-22.5,"S",2.6299,0,6
9,-30,-45,-37.5,"S",1.33,0,4
10,-45,-60,-52.5,"S",NA,NA,NA
11,-60,-75,-67.5,"S",NA,NA,NA
12,-75,-90,-82.5,"S",NA,NA,NA
