"bin","max","min","mid","hemisphere","mean_richness","CI.Lower","CI.Upper"
1,90,75,82.5,"N",NA,NA,NA
2,75,60,67.5,"N",7.04217,2.475,12.144325
3,60,45,52.5,"N",NA,NA,NA
4,45,30,37.5,"N",29.5289,26.2637,32.16885
5,30,15,22.5,"N",25.17635,20.89985,28.8374
6,15,0,7.5,"N",2.12996,0,5
7,0,-15,-7.5,"S",4.52014,0.475,8.89115
8,-15,-30,-22.5,"S",1.84999,0,4
9,-30,-45,-37.5,"S",3.53915,1,7.987675
10,-45,-60,-52.5,"S",NA,NA,NA
11,-60,-75,-67.5,"S",NA,NA,NA
12,-75,-90,-82.5,"S",NA,NA,NA
