"bin","max","min","mid","hemisphere","mean_richness","CI.Lower","CI.Upper"
1,90,75,82.5,"N",0.04,0,1
2,75,60,67.5,"N",6.04829,1,10.810375
3,60,45,52.5,"N",4.35693,1,7.9911
4,45,30,37.5,"N",27.28102,22.9416,30.052025
5,30,15,22.5,"N",21.29985,15.794575,25.82425
6,15,0,7.5,"N",NA,NA,NA
7,0,-15,-7.5,"S",NA,NA,NA
8,-15,-30,-22.5,"S",3.12951,0.475,5.999525
9,-30,-45,-37.5,"S",3.06869,0.475,5.99805
10,-45,-60,-52.5,"S",NA,NA,NA
11,-60,-75,-67.5,"S",1.26991,0,4
12,-75,-90,-82.5,"S",0.55,0,2
