"bin","max","min","mid","hemisphere","mean_richness","CI.Lower","CI.Upper"
1,90,75,82.5,"N",NA,NA,NA
2,75,60,67.5,"N",4.19499,0,8.922625
3,60,45,52.5,"N",NA,NA,NA
4,45,30,37.5,"N",26.8583,22.147775,30.1507
5,30,15,22.5,"N",21.89255,17.532275,26.04445
6,15,0,7.5,"N",1.29,0,4
7,0,-15,-7.5,"S",2.89914,0,6.989725
8,-15,-30,-22.5,"S",1.16,0,3
9,-30,-45,-37.5,"S",0.87,0,2
10,-45,-60,-52.5,"S",NA,NA,NA
11,-60,-75,-67.5,"S",NA,NA,NA
12,-75,-90,-82.5,"S",NA,NA,NA
