"bin","max","min","mid","hemisphere","mean_richness","CI.Lower","CI.Upper"
1,90,75,82.5,"N",5.20158,1,9.950675
2,75,60,67.5,"N",6.31343,2,11.358975
3,60,45,52.5,"N",8.17396,3.475,13.23685
4,45,30,37.5,"N",25.1588,20.361625,29.707225
5,30,15,22.5,"N",14.67071,8.943025,20.099875
6,15,0,7.5,"N",NA,NA,NA
7,0,-15,-7.5,"S",1.36,0,4
8,-15,-30,-22.5,"S",1.99,0,5
9,-30,-45,-37.5,"S",3.92546,1,7.9408
10,-45,-60,-52.5,"S",NA,NA,NA
11,-60,-75,-67.5,"S",NA,NA,NA
12,-75,-90,-82.5,"S",3.29943,0,6.996525
