"bin","max","min","mid","hemisphere","mean_richness","CI.Lower","CI.Upper"
1,90,75,82.5,"N",NA,NA,NA
2,75,60,67.5,"N",NA,NA,NA
3,60,45,52.5,"N",8.32347,2.475,13.83415
4,45,30,37.5,"N",23.58734,18.702475,27.949925
5,30,15,22.5,"N",4.96982,2,10.4334
6,15,0,7.5,"N",2.97932,0.475,5.999525
7,0,-15,-7.5,"S",1.86998,0,4.52499999999999
8,-15,-30,-22.5,"S",2.48984,0,6
9,-30,-45,-37.5,"S",9.28985,4.47405,15.20135
10,-45,-60,-52.5,"S",NA,NA,NA
11,-60,-75,-67.5,"S",NA,NA,NA
12,-75,-90,-82.5,"S",NA,NA,NA
