"bin","max","min","mid","hemisphere","mean_richness","CI.Lower","CI.Upper"
1,90,75,82.5,"N",NA,NA,NA
2,75,60,67.5,"N",NA,NA,NA
3,60,45,52.5,"N",7.5224,3,12.73595
4,45,30,37.5,"N",20.82581,15.6775,25.7782
5,30,15,22.5,"N",4.35592,1.475,8.977575
6,15,0,7.5,"N",3.28922,0,6.996
7,0,-15,-7.5,"S",0.96,0,3
8,-15,-30,-22.5,"S",2.26998,0,5
9,-30,-45,-37.5,"S",4.82358,1,10.4073
10,-45,-60,-52.5,"S",0.69,0,2
11,-60,-75,-67.5,"S",NA,NA,NA
12,-75,-90,-82.5,"S",NA,NA,NA
