"bin","max","min","mid","hemisphere","mean_richness","CI.Lower","CI.Upper"
1,90,75,82.5,"N",NA,NA,NA
2,75,60,67.5,"N",NA,NA,NA
3,60,45,52.5,"N",9.60623,4,15.295575
4,45,30,37.5,"N",24.30103,19.87045,28.6673
5,30,15,22.5,"N",1.89984,0,5
6,15,0,7.5,"N",3.97896,1,7.980625
7,0,-15,-7.5,"S",1.38,0,4.52499999999999
8,-15,-30,-22.5,"S",0.96,0,3
9,-30,-45,-37.5,"S",6.02452,1.475,11.81815
10,-45,-60,-52.5,"S",NA,NA,NA
11,-60,-75,-67.5,"S",NA,NA,NA
12,-75,-90,-82.5,"S",NA,NA,NA
