"bin","max","min","mid","hemisphere","mean_richness","CI.Lower","CI.Upper"
1,90,75,82.5,"N",0.95,0,4
2,75,60,67.5,"N",NA,NA,NA
3,60,45,52.5,"N",16.96222,11.283275,21.7081
4,45,30,37.5,"N",22.19759,16.498425,27.6637
5,30,15,22.5,"N",9.09476,4,15.646225
6,15,0,7.5,"N",0.66,0,2
7,0,-15,-7.5,"S",3.25884,0,6.998525
8,-15,-30,-22.5,"S",0.28,0,1.52499999999999
9,-30,-45,-37.5,"S",NA,NA,NA
10,-45,-60,-52.5,"S",0.6,0,3
11,-60,-75,-67.5,"S",0.38,0,2
12,-75,-90,-82.5,"S",NA,NA,NA
