"bin","max","min","mid","hemisphere","mean_richness","CI.Lower","CI.Upper"
1,90,75,82.5,"N",1.42,0,3.52499999999999
2,75,60,67.5,"N",NA,NA,NA
3,60,45,52.5,"N",21.7784,16.48575,26.771
4,45,30,37.5,"N",26.7275,22.7115,30.543
5,30,15,22.5,"N",12.5179,6,18.182
6,15,0,7.5,"N",1.5,0,4.52499999999999
7,0,-15,-7.5,"S",7.0806,2,12.47625
8,-15,-30,-22.5,"S",0.94,0,3
9,-30,-45,-37.5,"S",NA,NA,NA
10,-45,-60,-52.5,"S",1.38,0,4.52499999999999
11,-60,-75,-67.5,"S",1.18,0,3
12,-75,-90,-82.5,"S",NA,NA,NA
