"bin","max","min","mid","hemisphere","mean_richness","CI.Lower","CI.Upper"
1,90,75,82.5,"N",3.8453,1,8.9601
2,75,60,67.5,"N",11.01384,5,17.98315
3,60,45,52.5,"N",6.33074,1,10.87135
4,45,30,37.5,"N",9.53908,5,15.35025
5,30,15,22.5,"N",11.59647,6.4626,17.759275
6,15,0,7.5,"N",3.16941,0,7.51412499999999
7,0,-15,-7.5,"S",1.6,0,5
8,-15,-30,-22.5,"S",0.4,0,2
9,-30,-45,-37.5,"S",1.55,0,4
10,-45,-60,-52.5,"S",NA,NA,NA
11,-60,-75,-67.5,"S",NA,NA,NA
12,-75,-90,-82.5,"S",NA,NA,NA
