"bin","max","min","mid","hemisphere","mean_richness","CI.Lower","CI.Upper"
1,90,75,82.5,"N",3.8459,1,8.97615
2,75,60,67.5,"N",9.93086,5,16.0361
3,60,45,52.5,"N",6.32098,2,10.87415
4,45,30,37.5,"N",7.55395,3,13.18595
5,30,15,22.5,"N",9.00465,4.47215,15.2035
6,15,0,7.5,"N",1.66999,0,5
7,0,-15,-7.5,"S",1.15999,0,3
8,-15,-30,-22.5,"S",NA,NA,NA
9,-30,-45,-37.5,"S",0.74,0,3
10,-45,-60,-52.5,"S",NA,NA,NA
11,-60,-75,-67.5,"S",NA,NA,NA
12,-75,-90,-82.5,"S",NA,NA,NA
