"bin","max","min","mid","hemisphere","mean_richness","CI.Lower","CI.Upper"
1,90,75,82.5,"N",4.22692,1,7.98525
2,75,60,67.5,"N",11.35843,5.991225,16.54425
3,60,45,52.5,"N",9.78266,4.4731,15.843775
4,45,30,37.5,"N",11.0496,5.471675,17.334175
5,30,15,22.5,"N",14.09023,8.915625,20.570475
6,15,0,7.5,"N",5.2445,2,10.35615
7,0,-15,-7.5,"S",1.66999,0,4
8,-15,-30,-22.5,"S",NA,NA,NA
9,-30,-45,-37.5,"S",1.41,0,4
10,-45,-60,-52.5,"S",NA,NA,NA
11,-60,-75,-67.5,"S",NA,NA,NA
12,-75,-90,-82.5,"S",NA,NA,NA
