"bin","max","min","mid","hemisphere","mean_richness","CI.Lower","CI.Upper"
1,90,75,82.5,"N",NA,NA,NA
2,75,60,67.5,"N",NA,NA,NA
3,60,45,52.5,"N",2.26981,0,6
4,45,30,37.5,"N",19.44303,14.07135,24.880275
5,30,15,22.5,"N",11.94236,6.949875,19.112125
6,15,0,7.5,"N",10.86767,5.982825,16.513025
7,0,-15,-7.5,"S",3.74886,1,6.9942
8,-15,-30,-22.5,"S",0.07,0,1
9,-30,-45,-37.5,"S",1.5,0,4
10,-45,-60,-52.5,"S",0.88,0,3
11,-60,-75,-67.5,"S",0.33,0,1
12,-75,-90,-82.5,"S",NA,NA,NA
