"bin","max","min","mid","hemisphere","mean_richness","CI.Lower","CI.Upper"
1,90,75,82.5,"N",NA,NA,NA
2,75,60,67.5,"N",NA,NA,NA
3,60,45,52.5,"N",2.85904,0,6.52352499999999
4,45,30,37.5,"N",25.12693,20.05225,28.7178
5,30,15,22.5,"N",16.10558,11.1641,21.542125
6,15,0,7.5,"N",9.93904,4.997475,14.8927
7,0,-15,-7.5,"S",2.33999,0,5
8,-15,-30,-22.5,"S",NA,NA,NA
9,-30,-45,-37.5,"S",1.39,0,4
10,-45,-60,-52.5,"S",NA,NA,NA
11,-60,-75,-67.5,"S",NA,NA,NA
12,-75,-90,-82.5,"S",NA,NA,NA
