"bin","max","min","mid","hemisphere","mean_richness","CI.Lower","CI.Upper"
1,90,75,82.5,"N",NA,NA,NA
2,75,60,67.5,"N",NA,NA,NA
3,60,45,52.5,"N",10.8323,5.98475,16.01475
4,45,30,37.5,"N",21.5997,16.34,25.761
5,30,15,22.5,"N",22.4043,16.093,27.292
6,15,0,7.5,"N",16.0326,10.8095,20.74725
7,0,-15,-7.5,"S",4.9757,1,9.9505
8,-15,-30,-22.5,"S",1.92,0,5
9,-30,-45,-37.5,"S",1.18,0,3
10,-45,-60,-52.5,"S",6.7046,3,11.301
11,-60,-75,-67.5,"S",1.55,0,4.52499999999999
12,-75,-90,-82.5,"S",NA,NA,NA
