"bin","max","min","mid","hemisphere","mean_richness","CI.Lower","CI.Upper"
1,90,75,82.5,"N",NA,NA,NA
2,75,60,67.5,"N",NA,NA,NA
3,60,45,52.5,"N",6.3891,2,11.3368
4,45,30,37.5,"N",12.95712,6.4731,19.559925
5,30,15,22.5,"N",15.70129,8.94295,21.115825
6,15,0,7.5,"N",8.77904,3.475,13.99425
7,0,-15,-7.5,"S",0.89,0,3
8,-15,-30,-22.5,"S",0.44,0,2
9,-30,-45,-37.5,"S",NA,NA,NA
10,-45,-60,-52.5,"S",3.23875,0.475,6.97035
11,-60,-75,-67.5,"S",0.63,0,2.52499999999999
12,-75,-90,-82.5,"S",NA,NA,NA
