"bin","max","min","mid","hemisphere","mean_richness","CI.Lower","CI.Upper"
1,90,75,82.5,"N",NA,NA,NA
2,75,60,67.5,"N",0.93999,0,4
3,60,45,52.5,"N",6.2247,2,10.84725
4,45,30,37.5,"N",15.3822,10.746375,20.180625
5,30,15,22.5,"N",6.53451,2,11.377225
6,15,0,7.5,"N",3.62856,1,6.995525
7,0,-15,-7.5,"S",4.66379,1,8.95355
8,-15,-30,-22.5,"S",0.69,0,3
9,-30,-45,-37.5,"S",4.59345,1,8.975775
10,-45,-60,-52.5,"S",NA,NA,NA
11,-60,-75,-67.5,"S",1.76997,0,4.52499999999999
12,-75,-90,-82.5,"S",NA,NA,NA
