"bin","max","min","mid","hemisphere","mean_richness","CI.Lower","CI.Upper"
1,90,75,82.5,"N",NA,NA,NA
2,75,60,67.5,"N",NA,NA,NA
3,60,45,52.5,"N",7.27103,3,13.501525
4,45,30,37.5,"N",22.58978,18.284525,27.5034
5,30,15,22.5,"N",10.83822,5.466925,15.928925
6,15,0,7.5,"N",7.56167,3,12.4786
7,0,-15,-7.5,"S",3.98803,0,7.982575
8,-15,-30,-22.5,"S",0.18,0,1.52499999999999
9,-30,-45,-37.5,"S",7.57001,3,12.633425
10,-45,-60,-52.5,"S",2.22,0,5
11,-60,-75,-67.5,"S",NA,NA,NA
12,-75,-90,-82.5,"S",NA,NA,NA
