"bin","max","min","mid","hemisphere","mean_richness","CI.Lower","CI.Upper"
1,90,75,82.5,"N",0.5,0,2
2,75,60,67.5,"N",8.26,3,13.525
3,60,45,52.5,"N",70.84,55.475,89
4,45,30,37.5,"N",120.04,100.475,138.1
5,30,15,22.5,"N",16.17,10,23
6,15,0,7.5,"N",1,0,3
7,0,-15,-7.5,"S",0.1,0,1
8,-15,-30,-22.5,"S",0,0,0
9,-30,-45,-37.5,"S",1.3,0,3
10,-45,-60,-52.5,"S",1.81,0,4.52499999999999
11,-60,-75,-67.5,"S",3.92,1,8.52499999999999
12,-75,-90,-82.5,"S",0,0,0
