"bin","max","min","mid","hemisphere","mean_richness","CI.Lower","CI.Upper"
1,90,75,82.5,"N",0.28,0,1.52499999999999
2,75,60,67.5,"N",5.84,2,10.525
3,60,45,52.5,"N",25.53,16.475,35
4,45,30,37.5,"N",83.58,63.475,102
5,30,15,22.5,"N",8.71,3,14.525
6,15,0,7.5,"N",0.36,0,2
7,0,-15,-7.5,"S",0.16,0,1.52499999999999
8,-15,-30,-22.5,"S",0.21,0,1
9,-30,-45,-37.5,"S",0.94,0,3
10,-45,-60,-52.5,"S",5.58,2,11.05
11,-60,-75,-67.5,"S",1.16,0,3
12,-75,-90,-82.5,"S",0,0,0
