"bin","max","min","mid","hemisphere","mean_richness","CI.Lower","CI.Upper"
1,90,75,82.5,"N",0.68,0,3
2,75,60,67.5,"N",8.91,3.475,15.525
3,60,45,52.5,"N",42.18,30.475,52
4,45,30,37.5,"N",121.22,97.475,143.05
5,30,15,22.5,"N",13.66,7.475,20.525
6,15,0,7.5,"N",0.82,0,2.52499999999999
7,0,-15,-7.5,"S",0.34,0,2
8,-15,-30,-22.5,"S",1.79,0,5
9,-30,-45,-37.5,"S",5.79,1,10
10,-45,-60,-52.5,"S",11.8,6.475,18.525
11,-60,-75,-67.5,"S",2.72,0,5.52499999999999
12,-75,-90,-82.5,"S",0,0,0
