"bin","max","min","mid","hemisphere","mean_richness","CI.Lower","CI.Upper"
1,90,75,82.5,"N",0.12,0,1
2,75,60,67.5,"N",1.46,0,4.52499999999999
3,60,45,52.5,"N",0,0,0
4,45,30,37.5,"N",81.6,67.475,99.1
5,30,15,22.5,"N",11.95,6.475,19
6,15,0,7.5,"N",0.32,0,1.52499999999999
7,0,-15,-7.5,"S",0.03,0,0.524999999999991
8,-15,-30,-22.5,"S",0,0,0
9,-30,-45,-37.5,"S",0.43,0,2
10,-45,-60,-52.5,"S",2.4,0,5.52499999999999
11,-60,-75,-67.5,"S",11.93,5.475,18
12,-75,-90,-82.5,"S",0.12,0,1
