"bin","max","min","mid","hemisphere","mean_richness","CI.Lower","CI.Upper"
1,90,75,82.5,"N",0.12,0,1
2,75,60,67.5,"N",1.38,0,4
3,60,45,52.5,"N",4.08,1,8.52499999999999
4,45,30,37.5,"N",108.1,89,129.575
5,30,15,22.5,"N",13.52,7.475,20.05
6,15,0,7.5,"N",0.14,0,1
7,0,-15,-7.5,"S",0,0,0
8,-15,-30,-22.5,"S",0,0,0
9,-30,-45,-37.5,"S",3.4,0,7.52499999999999
10,-45,-60,-52.5,"S",0,0,0
11,-60,-75,-67.5,"S",11.25,4.95,20
12,-75,-90,-82.5,"S",0,0,0
