"bin","max","min","mid","hemisphere","mean_richness","CI.Lower","CI.Upper"
1,90,75,82.5,"N",0.32,0,1.52499999999999
2,75,60,67.5,"N",1.65,0,4
3,60,45,52.5,"N",13.96,7,24.05
4,45,30,37.5,"N",87.94,70.475,107
5,30,15,22.5,"N",6.59,2,11
6,15,0,7.5,"N",0.82,0,2.52499999999999
7,0,-15,-7.5,"S",0.26,0,2
8,-15,-30,-22.5,"S",2.85,0,7.04999999999998
9,-30,-45,-37.5,"S",31.62,22,42.525
10,-45,-60,-52.5,"S",12.05,6,19
11,-60,-75,-67.5,"S",3.97,1,9
12,-75,-90,-82.5,"S",0,0,0
