"bin","max","min","mid","hemisphere","mean_richness","CI.Lower","CI.Upper"
1,90,75,82.5,"N",0.04,0,1
2,75,60,67.5,"N",0.81,0,3.52499999999999
3,60,45,52.5,"N",8.02,3.475,13.525
4,45,30,37.5,"N",56.03,42.475,70.525
5,30,15,22.5,"N",3.55,0.475,8
6,15,0,7.5,"N",0.14,0,1
7,0,-15,-7.5,"S",0.14,0,1
8,-15,-30,-22.5,"S",1.41,0,4.52499999999999
9,-30,-45,-37.5,"S",23.15,14,35
10,-45,-60,-52.5,"S",3.17,0.475,7
11,-60,-75,-67.5,"S",2.4,0,7
12,-75,-90,-82.5,"S",0,0,0
