"bin","max","min","mid","hemisphere","mean_richness","CI.Lower","CI.Upper"
1,90,75,82.5,"N",0,0,0
2,75,60,67.5,"N",2.66,0,6
3,60,45,52.5,"N",2.21,0,5.52499999999999
4,45,30,37.5,"N",32.79,23,41
5,30,15,22.5,"N",12.7,6.475,20.525
6,15,0,7.5,"N",0.36,0,2
7,0,-15,-7.5,"S",0,0,0
8,-15,-30,-22.5,"S",0.41,0,2
9,-30,-45,-37.5,"S",0,0,0
10,-45,-60,-52.5,"S",2.28,0,6.04999999999998
11,-60,-75,-67.5,"S",0,0,0
12,-75,-90,-82.5,"S",0,0,0
