"bin","max","min","mid","hemisphere","mean_richness","CI.Lower","CI.Upper"
1,90,75,82.5,"N",0.01,0,0
2,75,60,67.5,"N",0.74,0,2.52499999999999
3,60,45,52.5,"N",5.69,2,11.05
4,45,30,37.5,"N",39.96,30,53.525
5,30,15,22.5,"N",8.53,3,15.525
6,15,0,7.5,"N",0.4,0,2
7,0,-15,-7.5,"S",0,0,0
8,-15,-30,-22.5,"S",0,0,0
9,-30,-45,-37.5,"S",2.14,0,5.52499999999999
10,-45,-60,-52.5,"S",2.26,0,6
11,-60,-75,-67.5,"S",0,0,0
12,-75,-90,-82.5,"S",0,0,0
