"bin","max","min","mid","hemisphere","mean_richness","CI.Lower","CI.Upper"
1,90,75,82.5,"N",0,0,0
2,75,60,67.5,"N",0,0,0
3,60,45,52.5,"N",30.58,22,41
4,45,30,37.5,"N",34.33,25,45.525
5,30,15,22.5,"N",8.57,4,14
6,15,0,7.5,"N",0.48,0,2
7,0,-15,-7.5,"S",0,0,0
8,-15,-30,-22.5,"S",0.69,0,2.52499999999999
9,-30,-45,-37.5,"S",1.94,0,4.52499999999999
10,-45,-60,-52.5,"S",11.18,6,18
11,-60,-75,-67.5,"S",0.5,0,2
12,-75,-90,-82.5,"S",0,0,0
