"bin","max","min","mid","hemisphere","mean_richness","CI.Lower","CI.Upper"
1,90,75,82.5,"N",0.06,0,1
2,75,60,67.5,"N",0.84,0,3.52499999999999
3,60,45,52.5,"N",20.44,11,28
4,45,30,37.5,"N",56.08,42,72.525
5,30,15,22.5,"N",8.53,4,14
6,15,0,7.5,"N",0.03,0,0.524999999999991
7,0,-15,-7.5,"S",0.03,0,0.524999999999991
8,-15,-30,-22.5,"S",2.27,0,5
9,-30,-45,-37.5,"S",7.37,3,13
10,-45,-60,-52.5,"S",0,0,0
11,-60,-75,-67.5,"S",0,0,0
12,-75,-90,-82.5,"S",0.02,0,0
