"bin","max","min","mid","hemisphere","mean_richness","CI.Lower","CI.Upper"
1,90,75,82.5,"N",0,0,0
2,75,60,67.5,"N",5.62,1,9.52499999999999
3,60,45,52.5,"N",0,0,0
4,45,30,37.5,"N",66.73,52.475,84.525
5,30,15,22.5,"N",8.68,3,15
6,15,0,7.5,"N",0.28,0,2
7,0,-15,-7.5,"S",0.41,0,2
8,-15,-30,-22.5,"S",4.09,1,8
9,-30,-45,-37.5,"S",4.7,1,9.52499999999999
10,-45,-60,-52.5,"S",0,0,0
11,-60,-75,-67.5,"S",0,0,0
12,-75,-90,-82.5,"S",0,0,0
