"bin","max","min","mid","hemisphere","mean_richness","CI.Lower","CI.Upper"
1,90,75,82.5,"N",0.28,0,1.52499999999999
2,75,60,67.5,"N",0.56,0,2
3,60,45,52.5,"N",85.55,68.475,104.525
4,45,30,37.5,"N",123.04,103.475,143
5,30,15,22.5,"N",10.83,4,18
6,15,0,7.5,"N",0.64,0,2
7,0,-15,-7.5,"S",0.15,0,1
8,-15,-30,-22.5,"S",0,0,0
9,-30,-45,-37.5,"S",4.91,1,10
10,-45,-60,-52.5,"S",4.16,1,8.52499999999999
11,-60,-75,-67.5,"S",1.37,0,4
12,-75,-90,-82.5,"S",0,0,0
