"bin","max","min","mid","hemisphere","mean_richness","CI.Lower","CI.Upper"
1,90,75,82.5,"N",0.54,0,2.52499999999999
2,75,60,67.5,"N",2.24,0,6
3,60,45,52.5,"N",12.55,7,19
4,45,30,37.5,"N",36.75,26.475,51
5,30,15,22.5,"N",4.18,1,7.52499999999999
6,15,0,7.5,"N",0.36,0,2
7,0,-15,-7.5,"S",0.41,0,2
8,-15,-30,-22.5,"S",2.97,0,6.52499999999999
9,-30,-45,-37.5,"S",7.72,3,13.525
10,-45,-60,-52.5,"S",0,0,0
11,-60,-75,-67.5,"S",0.29,0,2
12,-75,-90,-82.5,"S",0.08,0,1
