"bin","max","min","mid","hemisphere","mean_richness","CI.Lower","CI.Upper"
1,90,75,82.5,"N",1.15,0,3.52499999999999
2,75,60,67.5,"N",3.73,0.475,8
3,60,45,52.5,"N",30.64,21.475,40.525
4,45,30,37.5,"N",68.2,52.425,85.05
5,30,15,22.5,"N",9.94,5,16.525
6,15,0,7.5,"N",1.07,0,3
7,0,-15,-7.5,"S",1.15,0,3
8,-15,-30,-22.5,"S",4.74,1.475,10
9,-30,-45,-37.5,"S",12.67,3.95,19
10,-45,-60,-52.5,"S",5.01,2,8
11,-60,-75,-67.5,"S",0.46,0,2
12,-75,-90,-82.5,"S",0.03,0,0.524999999999991
