"bin","max","min","mid","hemisphere","mean_richness","CI.Lower","CI.Upper"
1,90,75,82.5,"N",0,0,0
2,75,60,67.5,"N",4.97,1,10
3,60,45,52.5,"N",92.76,74.9,109
4,45,30,37.5,"N",113.05,93.95,136.1
5,30,15,22.5,"N",7.99,3.475,14
6,15,0,7.5,"N",0.4,0,2
7,0,-15,-7.5,"S",0.03,0,0.524999999999991
8,-15,-30,-22.5,"S",0,0,0
9,-30,-45,-37.5,"S",6.53,2.475,10
10,-45,-60,-52.5,"S",5.35,1,9.52499999999999
11,-60,-75,-67.5,"S",0,0,0
12,-75,-90,-82.5,"S",0.01,0,0
