"bin","max","min","mid","hemisphere","mean_richness","CI.Lower","CI.Upper"
1,90,75,82.5,"N",0.11,0,1
2,75,60,67.5,"N",2.29,0,5.52499999999999
3,60,45,52.5,"N",37.75,25.95,52.525
4,45,30,37.5,"N",80.36,65,97.525
5,30,15,22.5,"N",6.94,1.475,13
6,15,0,7.5,"N",0.24,0,1
7,0,-15,-7.5,"S",0.15,0,1.52499999999999
8,-15,-30,-22.5,"S",0.15,0,1
9,-30,-45,-37.5,"S",6.46,3,12.525
10,-45,-60,-52.5,"S",3.25,0,7
11,-60,-75,-67.5,"S",0,0,0
12,-75,-90,-82.5,"S",0,0,0
