"bin","max","min","mid","hemisphere","mean_richness","CI.Lower","CI.Upper"
1,90,75,82.5,"N",0.03,0,0.524999999999991
2,75,60,67.5,"N",3.16,0,7
3,60,45,52.5,"N",2.04,0,5.52499999999999
4,45,30,37.5,"N",38.22,29,49.525
5,30,15,22.5,"N",19.83,11,29.525
6,15,0,7.5,"N",0.1,0,1
7,0,-15,-7.5,"S",0.06,0,1
8,-15,-30,-22.5,"S",0.36,0,2
9,-30,-45,-37.5,"S",0.62,0,2
10,-45,-60,-52.5,"S",0,0,0
11,-60,-75,-67.5,"S",0.22,0,1.52499999999999
12,-75,-90,-82.5,"S",0,0,0
