"bin","max","min","mid","hemisphere","mean_richness","CI.Lower","CI.Upper"
1,90,75,82.5,"N",0,0,0
2,75,60,67.5,"N",0.13,0,1
3,60,45,52.5,"N",5.45,1.475,10.525
4,45,30,37.5,"N",57.6,43.95,75
5,30,15,22.5,"N",5.16,1,10.525
6,15,0,7.5,"N",0,0,0
7,0,-15,-7.5,"S",0,0,0
8,-15,-30,-22.5,"S",0.25,0,1.52499999999999
9,-30,-45,-37.5,"S",3.65,0.475,7.52499999999999
10,-45,-60,-52.5,"S",1.07,0,3
11,-60,-75,-67.5,"S",0.07,0,1
12,-75,-90,-82.5,"S",0,0,0
