"bin","max","min","mid","hemisphere","mean_richness","CI.Lower","CI.Upper"
1,90,75,82.5,"N",0,0,0
2,75,60,67.5,"N",0,0,0
3,60,45,52.5,"N",17.3,11,25
4,45,30,37.5,"N",48.96,37.475,60.525
5,30,15,22.5,"N",5.17,1,9.52499999999999
6,15,0,7.5,"N",0,0,0
7,0,-15,-7.5,"S",0,0,0
8,-15,-30,-22.5,"S",0.18,0,1
9,-30,-45,-37.5,"S",2.93,0,6.52499999999999
10,-45,-60,-52.5,"S",3.5,0.475,7
11,-60,-75,-67.5,"S",0.05,0,1
12,-75,-90,-82.5,"S",0,0,0
