"bin","max","min","mid","hemisphere","mean_richness","CI.Lower","CI.Upper"
1,90,75,82.5,"N",0.88,0,3
2,75,60,67.5,"N",1.31,0,4.52499999999999
3,60,45,52.5,"N",71.27,56.95,85.1
4,45,30,37.5,"N",53.02,40,68.1
5,30,15,22.5,"N",14.54,9,22.05
6,15,0,7.5,"N",2.06,0,4.52499999999999
7,0,-15,-7.5,"S",0.23,0,1.52499999999999
8,-15,-30,-22.5,"S",4.69,1,9
9,-30,-45,-37.5,"S",17.04,10,25.05
10,-45,-60,-52.5,"S",9.8,4.475,16
11,-60,-75,-67.5,"S",0.17,0,1.52499999999999
12,-75,-90,-82.5,"S",0,0,0
