"bin","max","min","mid","hemisphere","mean_richness","CI.Lower","CI.Upper"
1,90,75,82.5,"N",0.11,0,1
2,75,60,67.5,"N",0.35,0,2
3,60,45,52.5,"N",39.27,26.95,49.525
4,45,30,37.5,"N",12.72,6,22.575
5,30,15,22.5,"N",4.3,1,8.52499999999999
6,15,0,7.5,"N",0.03,0,0.524999999999991
7,0,-15,-7.5,"S",0.88,0,3
8,-15,-30,-22.5,"S",0.55,0,2
9,-30,-45,-37.5,"S",3.91,0,8
10,-45,-60,-52.5,"S",0,0,0
11,-60,-75,-67.5,"S",0,0,0
12,-75,-90,-82.5,"S",0,0,0
