"bin","max","min","mid","hemisphere","mean_richness","CI.Lower","CI.Upper"
1,90,75,82.5,"N",0.01,0,0
2,75,60,67.5,"N",3.14,0,6.52499999999999
3,60,45,52.5,"N",25.93,16.475,34
4,45,30,37.5,"N",72.64,60,87.575
5,30,15,22.5,"N",12.01,6,20
6,15,0,7.5,"N",0.49,0,2
7,0,-15,-7.5,"S",0.49,0,2
8,-15,-30,-22.5,"S",5.28,1,10.05
9,-30,-45,-37.5,"S",15.9,9,23
10,-45,-60,-52.5,"S",8.21,3.475,14
11,-60,-75,-67.5,"S",0.4,0,2
12,-75,-90,-82.5,"S",0.14,0,1.52499999999999
