"bin","max","min","mid","hemisphere","mean_richness","CI.Lower","CI.Upper"
1,90,75,82.5,"N",0,0,0
2,75,60,67.5,"N",1.83,0,6
3,60,45,52.5,"N",19.28,13.475,28.525
4,45,30,37.5,"N",51.99,39.95,64
5,30,15,22.5,"N",8.46,3.475,14.525
6,15,0,7.5,"N",0.13,0,1
7,0,-15,-7.5,"S",0.25,0,1.52499999999999
8,-15,-30,-22.5,"S",3.27,0,7
9,-30,-45,-37.5,"S",7.6,2,14.525
10,-45,-60,-52.5,"S",3.89,0.475,8.52499999999999
11,-60,-75,-67.5,"S",0.23,0,1
12,-75,-90,-82.5,"S",0.13,0,1
