"bin","max","min","mid","hemisphere","mean_richness","CI.Lower","CI.Upper"
1,90,75,82.5,"N",0.34,0,2
2,75,60,67.5,"N",3,0,8
3,60,45,52.5,"N",41.02,32,55
4,45,30,37.5,"N",86.62,72,102
5,30,15,22.5,"N",4.58,1,9.52499999999999
6,15,0,7.5,"N",1.58,0,4
7,0,-15,-7.5,"S",0.84,0,3
8,-15,-30,-22.5,"S",3.99,1,7.52499999999999
9,-30,-45,-37.5,"S",31,20.475,41.525
10,-45,-60,-52.5,"S",19.65,13,29.525
11,-60,-75,-67.5,"S",5.29,1,10
12,-75,-90,-82.5,"S",0,0,0
