"bin","max","min","mid","hemisphere","mean_richness","CI.Lower","CI.Upper"
1,90,75,82.5,"N",0.19,0,1.52499999999999
2,75,60,67.5,"N",0.72,0,3
3,60,45,52.5,"N",0.4,0,2
4,45,30,37.5,"N",39.87,29.475,51
5,30,15,22.5,"N",6.49,1.475,11.525
6,15,0,7.5,"N",0.55,0,2.52499999999999
7,0,-15,-7.5,"S",1.23,0,4
8,-15,-30,-22.5,"S",2.26,0,5.52499999999999
9,-30,-45,-37.5,"S",18.46,12,26
10,-45,-60,-52.5,"S",10.63,4.475,17
11,-60,-75,-67.5,"S",6.7,3,11
12,-75,-90,-82.5,"S",0.18,0,1
