"bin","max","min","mid","hemisphere","mean_richness","CI.Lower","CI.Upper"
1,90,75,82.5,"N",0.32,0,1.52499999999999
2,75,60,67.5,"N",6.04,1,11.525
3,60,45,52.5,"N",75.39,59.95,94
4,45,30,37.5,"N",65.9,51.475,79.525
5,30,15,22.5,"N",33.66,23,43
6,15,0,7.5,"N",2.88,0,6
7,0,-15,-7.5,"S",0.98,0,3.52499999999999
8,-15,-30,-22.5,"S",3.51,1,7
9,-30,-45,-37.5,"S",2.43,0,6
10,-45,-60,-52.5,"S",0,0,0
11,-60,-75,-67.5,"S",0.67,0,2
12,-75,-90,-82.5,"S",0,0,0
