"bin","max","min","mid","hemisphere","mean_richness","CI.Lower","CI.Upper"
1,90,75,82.5,"N",0,0,0
2,75,60,67.5,"N",0,0,0
3,60,45,52.5,"N",3.38,1,6
4,45,30,37.5,"N",51.92,38.95,61.525
5,30,15,22.5,"N",2.01,0,5
6,15,0,7.5,"N",0.02,0,0
7,0,-15,-7.5,"S",0.03,0,0.524999999999991
8,-15,-30,-22.5,"S",0.47,0,2.52499999999999
9,-30,-45,-37.5,"S",8.67,4.475,13.525
10,-45,-60,-52.5,"S",4.01,1,8.52499999999999
11,-60,-75,-67.5,"S",0,0,0
12,-75,-90,-82.5,"S",0,0,0
