"bin","max","min","mid","hemisphere","mean_richness","CI.Lower","CI.Upper"
1,90,75,82.5,"N",0.01,0,0
2,75,60,67.5,"N",0.61,0,3
3,60,45,52.5,"N",67.04,53.475,84.05
4,45,30,37.5,"N",143.12,117.9,168
5,30,15,22.5,"N",13.58,7,21.525
6,15,0,7.5,"N",0.71,0,2.52499999999999
7,0,-15,-7.5,"S",0.11,0,1
8,-15,-30,-22.5,"S",2.82,0,8
9,-30,-45,-37.5,"S",8.7,3,17
10,-45,-60,-52.5,"S",4.15,1,8.52499999999999
11,-60,-75,-67.5,"S",1.42,0,4.52499999999999
12,-75,-90,-82.5,"S",0,0,0
