"bin","max","min","mid","hemisphere","mean_richness","CI.Lower","CI.Upper"
1,90,75,82.5,"N",0,0,0
2,75,60,67.5,"N",10.54,4,17
3,60,45,52.5,"N",146.93,124.95,165.525
4,45,30,37.5,"N",113.9,94.95,134.15
5,30,15,22.5,"N",22.22,15,32
6,15,0,7.5,"N",2.5,0,6.52499999999999
7,0,-15,-7.5,"S",0.37,0,2
8,-15,-30,-22.5,"S",2.62,0,5.52499999999999
9,-30,-45,-37.5,"S",7.39,3,13.525
10,-45,-60,-52.5,"S",0,0,0
11,-60,-75,-67.5,"S",2.14,0,5
12,-75,-90,-82.5,"S",0,0,0
