"bin","max","min","mid","hemisphere","mean_richness","CI.Lower","CI.Upper"
1,90,75,82.5,"N",0,0,0
2,75,60,67.5,"N",3.28,1,6.52499999999999
3,60,45,52.5,"N",1.33,0,4
4,45,30,37.5,"N",35.85,26,46.05
5,30,15,22.5,"N",13.06,7,19
6,15,0,7.5,"N",0.36,0,2
7,0,-15,-7.5,"S",0.43,0,2
8,-15,-30,-22.5,"S",3.64,1,7
9,-30,-45,-37.5,"S",3.24,0,7.52499999999999
10,-45,-60,-52.5,"S",0,0,0
11,-60,-75,-67.5,"S",0,0,0
12,-75,-90,-82.5,"S",0,0,0
