"bin","max","min","mid","hemisphere","mean_richness","CI.Lower","CI.Upper"
1,90,75,82.5,"N",0.05,0,1
2,75,60,67.5,"N",3.28,1,6.52499999999999
3,60,45,52.5,"N",4.77,1,9
4,45,30,37.5,"N",34.65,24.475,44.525
5,30,15,22.5,"N",12.77,6.475,19
6,15,0,7.5,"N",0.51,0,2.52499999999999
7,0,-15,-7.5,"S",0.38,0,2
8,-15,-30,-22.5,"S",3.61,1,6.52499999999999
9,-30,-45,-37.5,"S",10.48,4,18
10,-45,-60,-52.5,"S",0,0,0
11,-60,-75,-67.5,"S",0,0,0
12,-75,-90,-82.5,"S",0,0,0
