"bin","max","min","mid","hemisphere","mean_richness","CI.Lower","CI.Upper"
1,90,75,82.5,"N",0,0,0
2,75,60,67.5,"N",0.89,0,3
3,60,45,52.5,"N",20.27,12.475,31
4,45,30,37.5,"N",58.61,40.375,70.525
5,30,15,22.5,"N",9.4,4,15
6,15,0,7.5,"N",0.16,0,1
7,0,-15,-7.5,"S",0.03,0,0.524999999999991
8,-15,-30,-22.5,"S",0,0,0
9,-30,-45,-37.5,"S",14.95,7.475,22.525
10,-45,-60,-52.5,"S",0.71,0,2.52499999999999
11,-60,-75,-67.5,"S",0,0,0
12,-75,-90,-82.5,"S",0,0,0
