"bin","max","min","mid","hemisphere","mean_richness","CI.Lower","CI.Upper"
1,90,75,82.5,"N",0,0,0
2,75,60,67.5,"N",2.91,0,6.52499999999999
3,60,45,52.5,"N",50.23,41,68.1499999999999
4,45,30,37.5,"N",152.89,130.95,172.525
5,30,15,22.5,"N",20.82,13,27.525
6,15,0,7.5,"N",0.81,0,3
7,0,-15,-7.5,"S",0.21,0,1
8,-15,-30,-22.5,"S",0,0,0
9,-30,-45,-37.5,"S",64.6,53,79
10,-45,-60,-52.5,"S",3.45,1,7
11,-60,-75,-67.5,"S",0,0,0
12,-75,-90,-82.5,"S",0,0,0
