"bin","max","min","mid","hemisphere","mean_richness","CI.Lower","CI.Upper"
1,90,75,82.5,"N",0.11,0,1
2,75,60,67.5,"N",2.62,0,6
3,60,45,52.5,"N",56.02,41,68.525
4,45,30,37.5,"N",100.56,82,119.525
5,30,15,22.5,"N",12.22,5.475,18.525
6,15,0,7.5,"N",0.14,0,1
7,0,-15,-7.5,"S",0,0,0
8,-15,-30,-22.5,"S",1.54,0,4.52499999999999
9,-30,-45,-37.5,"S",9.8,5.475,16
10,-45,-60,-52.5,"S",2.03,0,4.52499999999999
11,-60,-75,-67.5,"S",0,0,0
12,-75,-90,-82.5,"S",0.06,0,1
