"bin","max","min","mid","hemisphere","mean_richness","CI.Lower","CI.Upper"
1,90,75,82.5,"N",0.95,0,2
2,75,60,67.5,"N",3.91,1,8.52499999999999
3,60,45,52.5,"N",74.16,63,87.525
4,45,30,37.5,"N",119.37,99.425,139.05
5,30,15,22.5,"N",5.86,2,10
6,15,0,7.5,"N",1.75,0,4
7,0,-15,-7.5,"S",0.43,0,2
8,-15,-30,-22.5,"S",12.21,5.475,20.525
9,-30,-45,-37.5,"S",19.06,11.475,27
10,-45,-60,-52.5,"S",16.33,10,24
11,-60,-75,-67.5,"S",2.76,0,6.52499999999999
12,-75,-90,-82.5,"S",0,0,0
