"bin","max","min","mid","hemisphere","mean_richness","CI.Lower","CI.Upper"
1,90,75,82.5,"N",0.23,0,1.52499999999999
2,75,60,67.5,"N",0.24,0,1
3,60,45,52.5,"N",6.17,2,11
4,45,30,37.5,"N",65.77,51,79.525
5,30,15,22.5,"N",12.2,6.475,18
6,15,0,7.5,"N",0.59,0,2.52499999999999
7,0,-15,-7.5,"S",0.78,0,3
8,-15,-30,-22.5,"S",5.95,1,11
9,-30,-45,-37.5,"S",18.59,11,26
10,-45,-60,-52.5,"S",3.03,0.475,7
11,-60,-75,-67.5,"S",3.26,1,7
12,-75,-90,-82.5,"S",0.04,0,0.524999999999991
