"bin","max","min","mid","hemisphere","mean_richness","CI.Lower","CI.Upper"
1,90,75,82.5,"N",0,0,0
2,75,60,67.5,"N",2.67,0,6
3,60,45,52.5,"N",1.86,0,4
4,45,30,37.5,"N",36.92,26,46.525
5,30,15,22.5,"N",6.94,2,11.525
6,15,0,7.5,"N",0.53,0,2.52499999999999
7,0,-15,-7.5,"S",0.43,0,2
8,-15,-30,-22.5,"S",2.71,0.475,6
9,-30,-45,-37.5,"S",24.66,16.475,32.525
10,-45,-60,-52.5,"S",34.17,23.9,44.05
11,-60,-75,-67.5,"S",1.14,0,3.52499999999999
12,-75,-90,-82.5,"S",0,0,0
