"bin","max","min","mid","hemisphere","mean_richness","CI.Lower","CI.Upper"
1,90,75,82.5,"N",0.18,0,1
2,75,60,67.5,"N",1.35,0,3.52499999999999
3,60,45,52.5,"N",10.86,6.475,16
4,45,30,37.5,"N",60.82,44.95,76
5,30,15,22.5,"N",0.6,0,2
6,15,0,7.5,"N",0.16,0,1
7,0,-15,-7.5,"S",0.18,0,1.52499999999999
8,-15,-30,-22.5,"S",3.3,0.475,7.52499999999999
9,-30,-45,-37.5,"S",38.43,26.95,50
10,-45,-60,-52.5,"S",7.33,3,13.05
11,-60,-75,-67.5,"S",4.38,1,8.52499999999999
12,-75,-90,-82.5,"S",0,0,0
