"bin","max","min","mid","hemisphere","mean_richness","CI.Lower","CI.Upper"
1,90,75,82.5,"N",0,0,0
2,75,60,67.5,"N",0.28,0,2
3,60,45,52.5,"N",30.09,19.475,43
4,45,30,37.5,"N",48.7,34.475,59
5,30,15,22.5,"N",7.89,3,14
6,15,0,7.5,"N",0.06,0,1
7,0,-15,-7.5,"S",0.03,0,0.524999999999991
8,-15,-30,-22.5,"S",1.52,0,4
9,-30,-45,-37.5,"S",3.44,0.475,7
10,-45,-60,-52.5,"S",2.04,0,4.52499999999999
11,-60,-75,-67.5,"S",0.07,0,1
12,-75,-90,-82.5,"S",0.08,0,1
