"bin","max","min","mid","hemisphere","mean_richness","CI.Lower","CI.Upper"
1,90,75,82.5,"N",0,0,0
2,75,60,67.5,"N",0,0,0
3,60,45,52.5,"N",0,0,0
4,45,30,37.5,"N",33.57,23,43.05
5,30,15,22.5,"N",3.74,1,7
6,15,0,7.5,"N",0.48,0,2.52499999999999
7,0,-15,-7.5,"S",0.04,0,1
8,-15,-30,-22.5,"S",0.34,0,1.52499999999999
9,-30,-45,-37.5,"S",0.82,0,3
10,-45,-60,-52.5,"S",0,0,0
11,-60,-75,-67.5,"S",0,0,0
12,-75,-90,-82.5,"S",0,0,0
