"bin","max","min","mid","hemisphere","mean_richness","CI.Lower","CI.Upper"
1,90,75,82.5,"N",0.02,0,0
2,75,60,67.5,"N",5.3,1,10
3,60,45,52.5,"N",31.29,20,41.525
4,45,30,37.5,"N",76.62,62.475,92
5,30,15,22.5,"N",16.02,9.475,24.525
6,15,0,7.5,"N",0.63,0,2.52499999999999
7,0,-15,-7.5,"S",0.03,0,0.524999999999991
8,-15,-30,-22.5,"S",0.96,0,3.52499999999999
9,-30,-45,-37.5,"S",4.12,1,8.52499999999999
10,-45,-60,-52.5,"S",0,0,0
11,-60,-75,-67.5,"S",2.77,0,6.52499999999999
12,-75,-90,-82.5,"S",0,0,0
