"bin","max","min","mid","hemisphere","mean_richness","CI.Lower","CI.Upper"
1,90,75,82.5,"N",0.36,0,2
2,75,60,67.5,"N",3.46,0,8.04999999999998
3,60,45,52.5,"N",25.99,17.475,35
4,45,30,37.5,"N",48.33,36.475,62
5,30,15,22.5,"N",3.37,1,7
6,15,0,7.5,"N",0.83,0,3
7,0,-15,-7.5,"S",0.3,0,1.52499999999999
8,-15,-30,-22.5,"S",6.9,3,12.525
9,-30,-45,-37.5,"S",6.16,1.475,11
10,-45,-60,-52.5,"S",4.92,1,9.52499999999999
11,-60,-75,-67.5,"S",0.9,0,3
12,-75,-90,-82.5,"S",0,0,0
