"bin","max","min","mid","hemisphere","mean_richness","CI.Lower","CI.Upper"
1,90,75,82.5,"N",0,0,0
2,75,60,67.5,"N",0,0,0
3,60,45,52.5,"N",0,0,0
4,45,30,37.5,"N",46.39,34.95,57
5,30,15,22.5,"N",12.48,5.475,18.525
6,15,0,7.5,"N",0.65,0,2.52499999999999
7,0,-15,-7.5,"S",1.73,0,5
8,-15,-30,-22.5,"S",7.74,3,13
9,-30,-45,-37.5,"S",26.09,18.475,34.525
10,-45,-60,-52.5,"S",4.86,1,8.52499999999999
11,-60,-75,-67.5,"S",6.18,1.475,11
12,-75,-90,-82.5,"S",0.48,0,2
