"bin","max","min","mid","hemisphere","mean_richness","CI.Lower","CI.Upper"
1,90,75,82.5,"N",0.54,0,2
2,75,60,67.5,"N",0.45,0,2
3,60,45,52.5,"N",5.26,1,10.525
4,45,30,37.5,"N",29.71,20.475,43.525
5,30,15,22.5,"N",7.96,3,13.525
6,15,0,7.5,"N",0.29,0,1.52499999999999
7,0,-15,-7.5,"S",1.72,0,4
8,-15,-30,-22.5,"S",9.04,4,15
9,-30,-45,-37.5,"S",16.6,9,23.525
10,-45,-60,-52.5,"S",8.35,3,13.525
11,-60,-75,-67.5,"S",3.1,0.475,7.52499999999999
12,-75,-90,-82.5,"S",0.25,0,1
