"bin","max","min","mid","hemisphere","mean_richness","CI.Lower","CI.Upper"
1,90,75,82.5,"N",0,0,0
2,75,60,67.5,"N",0,0,0
3,60,45,52.5,"N",32.29,23.475,42.575
4,45,30,37.5,"N",68.19,53.475,81.525
5,30,15,22.5,"N",17.5,10.475,24.525
6,15,0,7.5,"N",1.02,0,3.52499999999999
7,0,-15,-7.5,"S",0.3,0,2
8,-15,-30,-22.5,"S",1.46,0,3.52499999999999
9,-30,-45,-37.5,"S",3.89,1,8
10,-45,-60,-52.5,"S",16.19,8,25.525
11,-60,-75,-67.5,"S",0.65,0,2
12,-75,-90,-82.5,"S",0,0,0
