"bin","max","min","mid","hemisphere","mean_richness","CI.Lower","CI.Upper"
1,90,75,82.5,"N",0,0,0
2,75,60,67.5,"N",0,0,0
3,60,45,52.5,"N",7.49,3,13
4,45,30,37.5,"N",62.06,47,73.575
5,30,15,22.5,"N",6.65,2,13.05
6,15,0,7.5,"N",0.69,0,2.52499999999999
7,0,-15,-7.5,"S",0.05,0,1
8,-15,-30,-22.5,"S",0.01,0,0
9,-30,-45,-37.5,"S",4.01,1,8.52499999999999
10,-45,-60,-52.5,"S",3.3,0,7
11,-60,-75,-67.5,"S",0.25,0,2
12,-75,-90,-82.5,"S",0,0,0
