"bin","max","min","mid","hemisphere","mean_richness","CI.Lower","CI.Upper"
1,90,75,82.5,"N",0,0,0
2,75,60,67.5,"N",0,0,0
3,60,45,52.5,"N",36.3,24,46.525
4,45,30,37.5,"N",174.57,150.95,199.1
5,30,15,22.5,"N",19.94,14,29
6,15,0,7.5,"N",1.71,0,4.52499999999999
7,0,-15,-7.5,"S",0.34,0,2
8,-15,-30,-22.5,"S",0.26,0,1.52499999999999
9,-30,-45,-37.5,"S",58.28,41.475,73.575
10,-45,-60,-52.5,"S",22.81,14,34
11,-60,-75,-67.5,"S",2.45,0,5.52499999999999
12,-75,-90,-82.5,"S",0,0,0
