"bin","max","min","mid","hemisphere","mean_richness","CI.Lower","CI.Upper"
1,90,75,82.5,"N",0,0,0
2,75,60,67.5,"N",1.03,0,3.52499999999999
3,60,45,52.5,"N",4.13,1,7
4,45,30,37.5,"N",15.53,9,22.525
5,30,15,22.5,"N",7.12,3,13
6,15,0,7.5,"N",0.63,0,2
7,0,-15,-7.5,"S",0,0,0
8,-15,-30,-22.5,"S",0.61,0,2.52499999999999
9,-30,-45,-37.5,"S",2.13,0,6
10,-45,-60,-52.5,"S",0,0,0
11,-60,-75,-67.5,"S",0,0,0
12,-75,-90,-82.5,"S",2.47,0,5
