"bin","max","min","mid","hemisphere","mean_richness","CI.Lower","CI.Upper"
1,90,75,82.5,"N",6.19,2,12
2,75,60,67.5,"N",13.47,7,21.05
3,60,45,52.5,"N",10.92,5,16.525
4,45,30,37.5,"N",34.64,26,43.525
5,30,15,22.5,"N",15.24,10,21
6,15,0,7.5,"N",5.74,1,11
7,0,-15,-7.5,"S",5.26,1.475,10
8,-15,-30,-22.5,"S",0.56,0,2.52499999999999
9,-30,-45,-37.5,"S",0.44,0,2
10,-45,-60,-52.5,"S",2.95,0.475,7.52499999999999
11,-60,-75,-67.5,"S",1.98,0,5
12,-75,-90,-82.5,"S",0,0,0
