"bin","max","min","mid","hemisphere","mean_richness","CI.Lower","CI.Upper"
1,90,75,82.5,"N",1.08,0,3
2,75,60,67.5,"N",16.13,9.475,24.525
3,60,45,52.5,"N",5.71,2,11
4,45,30,37.5,"N",15.99,8,24.525
5,30,15,22.5,"N",31,20,44.525
6,15,0,7.5,"N",21.17,12.475,31
7,0,-15,-7.5,"S",9.23,4,15.525
8,-15,-30,-22.5,"S",4.56,2,8.52499999999999
9,-30,-45,-37.5,"S",4.18,0.475,9.52499999999999
10,-45,-60,-52.5,"S",0,0,0
11,-60,-75,-67.5,"S",0,0,0
12,-75,-90,-82.5,"S",3.21,0,7.57499999999997
