"bin","max","min","mid","hemisphere","mean_richness","CI.Lower","CI.Upper"
1,90,75,82.5,"N",0,0,0
2,75,60,67.5,"N",0,0,0
3,60,45,52.5,"N",3.11,0.475,7
4,45,30,37.5,"N",15.87,11,23
5,30,15,22.5,"N",2.55,0,6.52499999999999
6,15,0,7.5,"N",2.6,0,6.52499999999999
7,0,-15,-7.5,"S",0,0,0
8,-15,-30,-22.5,"S",0,0,0
9,-30,-45,-37.5,"S",3.67,0,8.52499999999999
10,-45,-60,-52.5,"S",2.58,0,6
11,-60,-75,-67.5,"S",0,0,0
12,-75,-90,-82.5,"S",0,0,0
