"bin","max","min","mid","hemisphere","mean_richness","CI.Lower","CI.Upper"
1,90,75,82.5,"N",0,0,0
2,75,60,67.5,"N",3.02,0,7
3,60,45,52.5,"N",1.62,0,4
4,45,30,37.5,"N",17.49,10.95,27.525
5,30,15,22.5,"N",12.32,6.475,18.525
6,15,0,7.5,"N",5.05,2,9.52499999999999
7,0,-15,-7.5,"S",4.93,1,9
8,-15,-30,-22.5,"S",8.19,2.475,13.525
9,-30,-45,-37.5,"S",4.16,1.475,8.52499999999999
10,-45,-60,-52.5,"S",6.47,2,12.525
11,-60,-75,-67.5,"S",0.99,0,3
12,-75,-90,-82.5,"S",0,0,0
