"bin","max","min","mid","hemisphere","mean_richness","CI.Lower","CI.Upper"
1,90,75,82.5,"N",1.78,0,4.52499999999999
2,75,60,67.5,"N",0,0,0
3,60,45,52.5,"N",14.05,7.475,21.525
4,45,30,37.5,"N",44.73,34,57.525
5,30,15,22.5,"N",12.23,5.475,19
6,15,0,7.5,"N",3.17,0,7
7,0,-15,-7.5,"S",2.06,0,5
8,-15,-30,-22.5,"S",4,1,9.04999999999998
9,-30,-45,-37.5,"S",4.29,1,9.52499999999999
10,-45,-60,-52.5,"S",0,0,0
11,-60,-75,-67.5,"S",0,0,0
12,-75,-90,-82.5,"S",4.89,1.475,8
