"bin","max","min","mid","hemisphere","mean_richness","CI.Lower","CI.Upper"
1,90,75,82.5,"N",1.37,0,3
2,75,60,67.5,"N",1.69,0,4.52499999999999
3,60,45,52.5,"N",3.61,1,7.52499999999999
4,45,30,37.5,"N",30.31,21,41.525
5,30,15,22.5,"N",22.2,15,29.525
6,15,0,7.5,"N",12.73,5.475,20.525
7,0,-15,-7.5,"S",0,0,0
8,-15,-30,-22.5,"S",0,0,0
9,-30,-45,-37.5,"S",2.77,1,5.52499999999999
10,-45,-60,-52.5,"S",3.69,0.475,8.52499999999999
11,-60,-75,-67.5,"S",0,0,0
12,-75,-90,-82.5,"S",0,0,0
