"bin","max","min","mid","hemisphere","mean_richness","CI.Lower","CI.Upper"
1,90,75,82.5,"N",0,0,0
2,75,60,67.5,"N",0,0,0
3,60,45,52.5,"N",2.74,0,6.52499999999999
4,45,30,37.5,"N",31.09,20.475,42
5,30,15,22.5,"N",4.83,1,8.52499999999999
6,15,0,7.5,"N",3.59,1,6.52499999999999
7,0,-15,-7.5,"S",0.13,0,1
8,-15,-30,-22.5,"S",0.38,0,2
9,-30,-45,-37.5,"S",0.73,0,2.52499999999999
10,-45,-60,-52.5,"S",4.08,1,8
11,-60,-75,-67.5,"S",0.29,0,1.52499999999999
12,-75,-90,-82.5,"S",0,0,0
