"bin","max","min","mid","hemisphere","mean_richness","CI.Lower","CI.Upper"
1,90,75,82.5,"N",3.61,0,8.52499999999999
2,75,60,67.5,"N",1.8,0,4.52499999999999
3,60,45,52.5,"N",15.15,8.475,22
4,45,30,37.5,"N",47.65,36.475,63.575
5,30,15,22.5,"N",17.82,11,26.525
6,15,0,7.5,"N",5.87,2,10
7,0,-15,-7.5,"S",3.26,0,6.52499999999999
8,-15,-30,-22.5,"S",5.99,1.475,13.525
9,-30,-45,-37.5,"S",1.77,0,5
10,-45,-60,-52.5,"S",0,0,0
11,-60,-75,-67.5,"S",1.29,0,3.52499999999999
12,-75,-90,-82.5,"S",1.8,0,5
