"bin","max","min","mid","hemisphere","mean_richness","CI.Lower","CI.Upper"
1,90,75,82.5,"N",2.85,0,6.52499999999999
2,75,60,67.5,"N",0.96,0,3
3,60,45,52.5,"N",7.71,2,13
4,45,30,37.5,"N",27.6,17.475,38
5,30,15,22.5,"N",10,5,17.525
6,15,0,7.5,"N",2.82,0,6
7,0,-15,-7.5,"S",2.23,0,5.52499999999999
8,-15,-30,-22.5,"S",2.84,0,6
9,-30,-45,-37.5,"S",0.76,0,3
10,-45,-60,-52.5,"S",0,0,0
11,-60,-75,-67.5,"S",0.52,0,2
12,-75,-90,-82.5,"S",1.3,0,4.04999999999998
