"bin","max","min","mid","hemisphere","mean_richness","CI.Lower","CI.Upper"
1,90,75,82.5,"N",3.37,1,8
2,75,60,67.5,"N",12.16,7,19
3,60,45,52.5,"N",6.69,2,11
4,45,30,37.5,"N",17.14,10.475,27.05
5,30,15,22.5,"N",11.77,6,18
6,15,0,7.5,"N",10.99,4.475,17
7,0,-15,-7.5,"S",1.9,0,5
8,-15,-30,-22.5,"S",2.19,0,5.52499999999999
9,-30,-45,-37.5,"S",2.47,0,6.52499999999999
10,-45,-60,-52.5,"S",0.75,0,2.52499999999999
11,-60,-75,-67.5,"S",1.39,0,4
12,-75,-90,-82.5,"S",0,0,0
