"bin","max","min","mid","hemisphere","mean_richness","CI.Lower","CI.Upper"
1,90,75,82.5,"N",2.18,0,5.52499999999999
2,75,60,67.5,"N",0.98,0,3
3,60,45,52.5,"N",22.4,16,30
4,45,30,37.5,"N",31.94,21,42.525
5,30,15,22.5,"N",11.59,5.475,19
6,15,0,7.5,"N",4.64,1,9.52499999999999
7,0,-15,-7.5,"S",0.33,0,1.52499999999999
8,-15,-30,-22.5,"S",0,0,0
9,-30,-45,-37.5,"S",0,0,0
10,-45,-60,-52.5,"S",0.55,0,3
11,-60,-75,-67.5,"S",1.5,0,4
12,-75,-90,-82.5,"S",0,0,0
