"bin","max","min","mid","hemisphere","mean_richness","CI.Lower","CI.Upper"
1,90,75,82.5,"N",4.01,1,8
2,75,60,67.5,"N",2.52,0,6
3,60,45,52.5,"N",30.25,21,41.525
4,45,30,37.5,"N",45.93,33.475,58
5,30,15,22.5,"N",16.07,9.475,24.05
6,15,0,7.5,"N",6.13,1,11
7,0,-15,-7.5,"S",1.01,0,4
8,-15,-30,-22.5,"S",0,0,0
9,-30,-45,-37.5,"S",2.11,0,6.52499999999999
10,-45,-60,-52.5,"S",1.12,0,3
11,-60,-75,-67.5,"S",4.25,1,8.52499999999999
12,-75,-90,-82.5,"S",0,0,0
