"bin","max","min","mid","hemisphere","mean_richness","CI.Lower","CI.Upper"
1,90,75,82.5,"N",10.54,5,17
2,75,60,67.5,"N",10.38,5,16
3,60,45,52.5,"N",4.25,1,8.52499999999999
4,45,30,37.5,"N",12.04,6.475,21.525
5,30,15,22.5,"N",8.73,4,14.525
6,15,0,7.5,"N",10.12,4.475,16
7,0,-15,-7.5,"S",13.21,8.475,19.525
8,-15,-30,-22.5,"S",7.91,3,13
9,-30,-45,-37.5,"S",3.98,0,9.52499999999999
10,-45,-60,-52.5,"S",0,0,0
11,-60,-75,-67.5,"S",1.73,0,5
12,-75,-90,-82.5,"S",0.9,0,3
