"bin","max","min","mid","hemisphere","mean_richness","CI.Lower","CI.Upper"
1,90,75,82.5,"N",0,0,0
2,75,60,67.5,"N",0,0,0
3,60,45,52.5,"N",11.55,5.475,19.525
4,45,30,37.5,"N",5.47,1.475,10.525
5,30,15,22.5,"N",1.1,0,3
6,15,0,7.5,"N",6.45,2,11.525
7,0,-15,-7.5,"S",12.01,3.475,20
8,-15,-30,-22.5,"S",3.58,0.475,7.52499999999999
9,-30,-45,-37.5,"S",1.38,0,4.52499999999999
10,-45,-60,-52.5,"S",0.97,0,3
11,-60,-75,-67.5,"S",0,0,0
12,-75,-90,-82.5,"S",0,0,0
