"bin","max","min","mid","hemisphere","mean_richness","CI.Lower","CI.Upper"
1,90,75,82.5,"N",0,0,0
2,75,60,67.5,"N",20.33,12,28
3,60,45,52.5,"N",9.78,4,16
4,45,30,37.5,"N",19.69,13,28.525
5,30,15,22.5,"N",29.23,19,39
6,15,0,7.5,"N",20.79,13,32.525
7,0,-15,-7.5,"S",6.01,1,12
8,-15,-30,-22.5,"S",4.66,1,9.52499999999999
9,-30,-45,-37.5,"S",0,0,0
10,-45,-60,-52.5,"S",0,0,0
11,-60,-75,-67.5,"S",1.58,0,4.52499999999999
12,-75,-90,-82.5,"S",0,0,0
