"bin","max","min","mid","hemisphere","mean_richness","CI.Lower","CI.Upper"
1,90,75,82.5,"N",0,0,0
2,75,60,67.5,"N",3.87,1,7.52499999999999
3,60,45,52.5,"N",22.26,14.475,31
4,45,30,37.5,"N",31.98,22,45
5,30,15,22.5,"N",16.74,9.475,25
6,15,0,7.5,"N",5.3,2,10
7,0,-15,-7.5,"S",2.15,0,5.52499999999999
8,-15,-30,-22.5,"S",0,0,0
9,-30,-45,-37.5,"S",2.83,0,7
10,-45,-60,-52.5,"S",0,0,0
11,-60,-75,-67.5,"S",1.22,0,3
12,-75,-90,-82.5,"S",0,0,0
