"bin","max","min","mid","hemisphere","mean_richness","CI.Lower","CI.Upper"
1,90,75,82.5,"N",6.49,3,12.525
2,75,60,67.5,"N",0,0,0
3,60,45,52.5,"N",0,0,0
4,45,30,37.5,"N",0,0,0
5,30,15,22.5,"N",8.72,3,15.525
6,15,0,7.5,"N",1.72,0,4.52499999999999
7,0,-15,-7.5,"S",16.69,11,24
8,-15,-30,-22.5,"S",13.66,7,22.05
9,-30,-45,-37.5,"S",4.35,1,9.52499999999999
10,-45,-60,-52.5,"S",0,0,0
11,-60,-75,-67.5,"S",0,0,0
12,-75,-90,-82.5,"S",7.05,3,11
