"bin","max","min","mid","hemisphere","mean_richness","CI.Lower","CI.Upper"
1,90,75,82.5,"N",6.05,3,10.525
2,75,60,67.5,"N",0.06,0,1
3,60,45,52.5,"N",1.58,0,4
4,45,30,37.5,"N",8.36,4,13
5,30,15,22.5,"N",4.98,1.475,9.52499999999999
6,15,0,7.5,"N",5.89,3,11
7,0,-15,-7.5,"S",18.11,10.475,26.525
8,-15,-30,-22.5,"S",11.29,5,18
9,-30,-45,-37.5,"S",4.7,1,9.52499999999999
10,-45,-60,-52.5,"S",0.44,0,2
11,-60,-75,-67.5,"S",0,0,0
12,-75,-90,-82.5,"S",0.01,0,0
