"bin","max","min","mid","hemisphere","mean_richness","CI.Lower","CI.Upper"
1,90,75,82.5,"N",4.88,0.475,9.52499999999999
2,75,60,67.5,"N",4,1,8.52499999999999
3,60,45,52.5,"N",9.22,3,15
4,45,30,37.5,"N",7.05,2,12
5,30,15,22.5,"N",9.66,3.475,14.525
6,15,0,7.5,"N",17.75,8.95,25.525
7,0,-15,-7.5,"S",11.55,6,16.525
8,-15,-30,-22.5,"S",7.69,2.475,14.525
9,-30,-45,-37.5,"S",2.66,0,6
10,-45,-60,-52.5,"S",0,0,0
11,-60,-75,-67.5,"S",0,0,0
12,-75,-90,-82.5,"S",1.34,0,4
