"bin","max","min","mid","hemisphere","mean_richness","CI.Lower","CI.Upper"
1,90,75,82.5,"N",0,0,0
2,75,60,67.5,"N",3.39,0.475,7.52499999999999
3,60,45,52.5,"N",9.97,3,16.525
4,45,30,37.5,"N",44.62,32.475,56.525
5,30,15,22.5,"N",3.9,1,8.04999999999998
6,15,0,7.5,"N",2.05,0,5.52499999999999
7,0,-15,-7.5,"S",1.49,0,4
8,-15,-30,-22.5,"S",0,0,0
9,-30,-45,-37.5,"S",2.71,0,7
10,-45,-60,-52.5,"S",12.08,5,20.525
11,-60,-75,-67.5,"S",0,0,0
12,-75,-90,-82.5,"S",0,0,0
