"bin","max","min","mid","hemisphere","mean_richness","CI.Lower","CI.Upper"
1,90,75,82.5,"N",1.44,0,4
2,75,60,67.5,"N",4.93,1,8.52499999999999
3,60,45,52.5,"N",0.85,0,3
4,45,30,37.5,"N",14.28,8,21.525
5,30,15,22.5,"N",17.59,10,24.525
6,15,0,7.5,"N",2.72,0,7
7,0,-15,-7.5,"S",1.62,0,4.52499999999999
8,-15,-30,-22.5,"S",1.3,0,4
9,-30,-45,-37.5,"S",0.31,0,1
10,-45,-60,-52.5,"S",0,0,0
11,-60,-75,-67.5,"S",0.56,0,2
12,-75,-90,-82.5,"S",0,0,0
