"bin","max","min","mid","hemisphere","mean_richness","CI.Lower","CI.Upper"
1,90,75,82.5,"N",1.51,0,4.52499999999999
2,75,60,67.5,"N",4.15,0.475,8
3,60,45,52.5,"N",1.18,0,3
4,45,30,37.5,"N",21.61,13,29
5,30,15,22.5,"N",12.05,7.475,17.525
6,15,0,7.5,"N",5.56,1.475,11
7,0,-15,-7.5,"S",0,0,0
8,-15,-30,-22.5,"S",0,0,0
9,-30,-45,-37.5,"S",0,0,0
10,-45,-60,-52.5,"S",0,0,0
11,-60,-75,-67.5,"S",1.84,0,5.52499999999999
12,-75,-90,-82.5,"S",0,0,0
