"bin","max","min","mid","hemisphere","mean_richness","CI.Lower","CI.Upper"
1,90,75,82.5,"N",1.06,0,3.52499999999999
2,75,60,67.5,"N",1.89,0,5
3,60,45,52.5,"N",0.83,0,3
4,45,30,37.5,"N",14.69,8.475,21
5,30,15,22.5,"N",12.44,6.475,20.525
6,15,0,7.5,"N",1.96,0,5
7,0,-15,-7.5,"S",0.9,0,3
8,-15,-30,-22.5,"S",1.43,0,4.52499999999999
9,-30,-45,-37.5,"S",0.6,0,2
10,-45,-60,-52.5,"S",0,0,0
11,-60,-75,-67.5,"S",0.52,0,2
12,-75,-90,-82.5,"S",0,0,0
