"bin","max","min","mid","hemisphere","mean_richness","CI.Lower","CI.Upper"
1,90,75,82.5,"N",0,0,0
2,75,60,67.5,"N",0,0,0
3,60,45,52.5,"N",9.62,4.475,15.525
4,45,30,37.5,"N",23.13,14.475,34
5,30,15,22.5,"N",6.07,2,10
6,15,0,7.5,"N",0,0,0
7,0,-15,-7.5,"S",0.32,0,1.52499999999999
8,-15,-30,-22.5,"S",1.31,0,3
9,-30,-45,-37.5,"S",2.05,0,5.52499999999999
10,-45,-60,-52.5,"S",1.65,0,5
11,-60,-75,-67.5,"S",1.18,0,3
12,-75,-90,-82.5,"S",0,0,0
