"bin","max","min","mid","hemisphere","mean_richness","CI.Lower","CI.Upper"
1,90,75,82.5,"N",2.82,0,6.52499999999999
2,75,60,67.5,"N",0.86,0,3
3,60,45,52.5,"N",15.38,8.475,24.05
4,45,30,37.5,"N",3.76,0.475,8
5,30,15,22.5,"N",4.11,1,8
6,15,0,7.5,"N",1.71,0,5
7,0,-15,-7.5,"S",12.76,6,19.525
8,-15,-30,-22.5,"S",4.96,1,9.52499999999999
9,-30,-45,-37.5,"S",2.56,0,6
10,-45,-60,-52.5,"S",0,0,0
11,-60,-75,-67.5,"S",0,0,0
12,-75,-90,-82.5,"S",0.9,0,3
