"bin","max","min","mid","hemisphere","mean_richness","CI.Lower","CI.Upper"
1,90,75,82.5,"N",1.48,0,4
2,75,60,67.5,"N",3.23,0.475,6.52499999999999
3,60,45,52.5,"N",11.15,5,17.525
4,45,30,37.5,"N",28.72,17.475,37.05
5,30,15,22.5,"N",18.09,12,26
6,15,0,7.5,"N",8.17,3.475,14
7,0,-15,-7.5,"S",7.41,3,12.525
8,-15,-30,-22.5,"S",10.37,4,16.525
9,-30,-45,-37.5,"S",8.3,3.475,14
10,-45,-60,-52.5,"S",2.89,0,6
11,-60,-75,-67.5,"S",1.69,0,5.52499999999999
12,-75,-90,-82.5,"S",2.85,0,7.52499999999999
