"bin","max","min","mid","hemisphere","mean_richness","CI.Lower","CI.Upper"
1,90,75,82.5,"N",4.72,1.475,9.52499999999999
2,75,60,67.5,"N",9.92,5.475,17.525
3,60,45,52.5,"N",2.69,0,6.52499999999999
4,45,30,37.5,"N",19.86,12.475,30.05
5,30,15,22.5,"N",2.99,0,6.52499999999999
6,15,0,7.5,"N",18.33,11,26
7,0,-15,-7.5,"S",5.65,0.475,10.525
8,-15,-30,-22.5,"S",5.34,2,9
9,-30,-45,-37.5,"S",8.13,4,13.525
10,-45,-60,-52.5,"S",3.77,0,7
11,-60,-75,-67.5,"S",8.31,3,16
12,-75,-90,-82.5,"S",0,0,0
