"bin","max","min","mid","hemisphere","mean_richness","CI.Lower","CI.Upper"
1,90,75,82.5,"N",0,0,0
2,75,60,67.5,"N",0,0,0
3,60,45,52.5,"N",5.44,1.475,10.525
4,45,30,37.5,"N",45.08,33,57
5,30,15,22.5,"N",2.15,0,5.52499999999999
6,15,0,7.5,"N",1.84,0,4.52499999999999
7,0,-15,-7.5,"S",3.56,0.475,7
8,-15,-30,-22.5,"S",0,0,0
9,-30,-45,-37.5,"S",5.4,2,10.05
10,-45,-60,-52.5,"S",7.63,3,12.525
11,-60,-75,-67.5,"S",0,0,0
12,-75,-90,-82.5,"S",0,0,0
