"bin","max","min","mid","hemisphere","mean_richness","CI.Lower","CI.Upper"
1,90,75,82.5,"N",3.17,0.475,7
2,75,60,67.5,"N",4.48,1,8.52499999999999
3,60,45,52.5,"N",35.97,23.475,46.525
4,45,30,37.5,"N",74.17,55.475,89.525
5,30,15,22.5,"N",34.57,25,45.575
6,15,0,7.5,"N",14.95,8.475,24
7,0,-15,-7.5,"S",7.82,3,13.525
8,-15,-30,-22.5,"S",14.1,8,20.525
9,-30,-45,-37.5,"S",9.64,3.475,16.525
10,-45,-60,-52.5,"S",4.84,1.475,10
11,-60,-75,-67.5,"S",3.15,0,7.52499999999999
12,-75,-90,-82.5,"S",0,0,0
