"bin","max","min","mid","hemisphere","mean_richness","CI.Lower","CI.Upper"
1,90,75,82.5,"N",1.86,0,5
2,75,60,67.5,"N",1.55,0,4
3,60,45,52.5,"N",23.48,15.475,34
4,45,30,37.5,"N",56.54,45,72.05
5,30,15,22.5,"N",23.5,14.95,31
6,15,0,7.5,"N",8.15,3,13.525
7,0,-15,-7.5,"S",4.78,1,10
8,-15,-30,-22.5,"S",6.09,2,11.525
9,-30,-45,-37.5,"S",3.17,0,7
10,-45,-60,-52.5,"S",1.97,0,5.52499999999999
11,-60,-75,-67.5,"S",1.74,0,4.52499999999999
12,-75,-90,-82.5,"S",0,0,0
