"bin","max","min","mid","hemisphere","mean_richness","CI.Lower","CI.Upper"
1,90,75,82.5,"N",0,0,0
2,75,60,67.5,"N",0,0,0
3,60,45,52.5,"N",1.1,0,4
4,45,30,37.5,"N",17.29,10.475,26
5,30,15,22.5,"N",2.23,0,5.52499999999999
6,15,0,7.5,"N",3.89,1,8
7,0,-15,-7.5,"S",1.74,0,4.52499999999999
8,-15,-30,-22.5,"S",0.29,0,1.52499999999999
9,-30,-45,-37.5,"S",2.51,0,6.04999999999998
10,-45,-60,-52.5,"S",1.11,0,3
11,-60,-75,-67.5,"S",1.1,0,3
12,-75,-90,-82.5,"S",0,0,0
