"bin","max","min","mid","hemisphere","mean_richness","CI.Lower","CI.Upper"
1,90,75,82.5,"N",2.91,0,6.52499999999999
2,75,60,67.5,"N",7.3,2.475,13.525
3,60,45,52.5,"N",11.86,5,17.525
4,45,30,37.5,"N",15.54,8.475,24.525
5,30,15,22.5,"N",22.74,15,30.525
6,15,0,7.5,"N",9.58,4,15.525
7,0,-15,-7.5,"S",7,2.475,14.525
8,-15,-30,-22.5,"S",2.94,1,6.52499999999999
9,-30,-45,-37.5,"S",0.91,0,3
10,-45,-60,-52.5,"S",0,0,0
11,-60,-75,-67.5,"S",1.15,0,4.52499999999999
12,-75,-90,-82.5,"S",1.02,0,4
