"bin","max","min","mid","hemisphere","mean_richness","CI.Lower","CI.Upper"
1,90,75,82.5,"N",2.19,0,5.52499999999999
2,75,60,67.5,"N",4.22,1,8
3,60,45,52.5,"N",20.5,12,28
4,45,30,37.5,"N",16.07,9,24.05
5,30,15,22.5,"N",24.05,13.475,35.525
6,15,0,7.5,"N",28.3,18,38.05
7,0,-15,-7.5,"S",4.65,1,8.52499999999999
8,-15,-30,-22.5,"S",7.48,3,13.525
9,-30,-45,-37.5,"S",6.08,1,10.525
10,-45,-60,-52.5,"S",0,0,0
11,-60,-75,-67.5,"S",0,0,0
12,-75,-90,-82.5,"S",2.64,0,6.52499999999999
