"bin","max","min","mid","hemisphere","mean_richness","CI.Lower","CI.Upper"
1,90,75,82.5,"N",0.1,0,1
2,75,60,67.5,"N",3.4,1,7.52499999999999
3,60,45,52.5,"N",2.18,0,4.52499999999999
4,45,30,37.5,"N",18.66,11,26.525
5,30,15,22.5,"N",14.03,7,20
6,15,0,7.5,"N",4.71,1,9
7,0,-15,-7.5,"S",7.37,3,12
8,-15,-30,-22.5,"S",10.54,5.475,16.525
9,-30,-45,-37.5,"S",5.5,1.475,10.05
10,-45,-60,-52.5,"S",0,0,0
11,-60,-75,-67.5,"S",0,0,0
12,-75,-90,-82.5,"S",0.04,0,1
