"bin","max","min","mid","hemisphere","mean_richness","CI.Lower","CI.Upper"
1,90,75,82.5,"N",0,0,0
2,75,60,67.5,"N",3.4,1,7.52499999999999
3,60,45,52.5,"N",0.78,0,2.52499999999999
4,45,30,37.5,"N",18.87,11.475,26.525
5,30,15,22.5,"N",15.45,9,22.525
6,15,0,7.5,"N",3.26,0,7
7,0,-15,-7.5,"S",8.28,3.475,12.525
8,-15,-30,-22.5,"S",10.48,4.475,16.525
9,-30,-45,-37.5,"S",2.78,1,6.52499999999999
10,-45,-60,-52.5,"S",0,0,0
11,-60,-75,-67.5,"S",0,0,0
12,-75,-90,-82.5,"S",0,0,0
