"bin","max","min","mid","hemisphere","mean_richness","CI.Lower","CI.Upper"
1,90,75,82.5,"N",0,0,0
2,75,60,67.5,"N",2.33,0,5.52499999999999
3,60,45,52.5,"N",14.76,8,22
4,45,30,37.5,"N",47.2,36,61.1499999999999
5,30,15,22.5,"N",21.26,10.475,33
6,15,0,7.5,"N",9.37,4,15
7,0,-15,-7.5,"S",8.31,3,13.525
8,-15,-30,-22.5,"S",0,0,0
9,-30,-45,-37.5,"S",18.7,12,28
10,-45,-60,-52.5,"S",0.88,0,3
11,-60,-75,-67.5,"S",0,0,0
12,-75,-90,-82.5,"S",0,0,0
