"bin","max","min","mid","hemisphere","mean_richness","CI.Lower","CI.Upper"
1,90,75,82.5,"N",0,0,0
2,75,60,67.5,"N",4.3,1,8.52499999999999
3,60,45,52.5,"N",24.68,16.475,34.525
4,45,30,37.5,"N",90.68,72.85,104
5,30,15,22.5,"N",40.42,30,53
6,15,0,7.5,"N",1.71,0,4
7,0,-15,-7.5,"S",0,0,0
8,-15,-30,-22.5,"S",3.81,1,7.52499999999999
9,-30,-45,-37.5,"S",0,0,0
10,-45,-60,-52.5,"S",0,0,0
11,-60,-75,-67.5,"S",0,0,0
12,-75,-90,-82.5,"S",0,0,0
