"bin","max","min","mid","hemisphere","mean_richness","CI.Lower","CI.Upper"
1,90,75,82.5,"N",0.6,0,2
2,75,60,67.5,"N",5.57,2,10
3,60,45,52.5,"N",13.67,8,20
4,45,30,37.5,"N",73.95,57.95,90.05
5,30,15,22.5,"N",33.42,24.475,45.525
6,15,0,7.5,"N",0.3,0,1.52499999999999
7,0,-15,-7.5,"S",0,0,0
8,-15,-30,-22.5,"S",4.81,1,10.525
9,-30,-45,-37.5,"S",4.59,2,9
10,-45,-60,-52.5,"S",0.37,0,1.52499999999999
11,-60,-75,-67.5,"S",1.81,0,4.52499999999999
12,-75,-90,-82.5,"S",0,0,0
