"bin","max","min","mid","hemisphere","mean_richness","CI.Lower","CI.Upper"
1,90,75,82.5,"N",0,0,0
2,75,60,67.5,"N",1.28,0,3.52499999999999
3,60,45,52.5,"N",0,0,0
4,45,30,37.5,"N",29.16,20,38
5,30,15,22.5,"N",8.02,2.475,14
6,15,0,7.5,"N",8.55,3,14.525
7,0,-15,-7.5,"S",9.9,3,17
8,-15,-30,-22.5,"S",9.5,4,16
9,-30,-45,-37.5,"S",3.51,0,7.52499999999999
10,-45,-60,-52.5,"S",0,0,0
11,-60,-75,-67.5,"S",5.36,2,12
12,-75,-90,-82.5,"S",0,0,0
