"bin","max","min","mid","hemisphere","mean_richness","CI.Lower","CI.Upper"
1,90,75,82.5,"N",1.64,0,4.52499999999999
2,75,60,67.5,"N",0.88,0,3
3,60,45,52.5,"N",2.65,0,6.52499999999999
4,45,30,37.5,"N",33.4,23.475,44.575
5,30,15,22.5,"N",11.94,5,19.525
6,15,0,7.5,"N",9.32,4,15.525
7,0,-15,-7.5,"S",12.65,5.475,20
8,-15,-30,-22.5,"S",14.91,8,25
9,-30,-45,-37.5,"S",11.27,5,17.525
10,-45,-60,-52.5,"S",1.29,0,4
11,-60,-75,-67.5,"S",8.46,4,15.05
12,-75,-90,-82.5,"S",1.78,0,5.52499999999999
