"bin","max","min","mid","hemisphere","mean_richness","CI.Lower","CI.Upper"
1,90,75,82.5,"N",0,0,0
2,75,60,67.5,"N",6.05,1,12
3,60,45,52.5,"N",1,0,3
4,45,30,37.5,"N",22.26,14.475,33
5,30,15,22.5,"N",8.58,2.475,14.525
6,15,0,7.5,"N",7.69,3,15
7,0,-15,-7.5,"S",4.37,1,8.52499999999999
8,-15,-30,-22.5,"S",4.91,2,9.52499999999999
9,-30,-45,-37.5,"S",17.89,11.475,24.525
10,-45,-60,-52.5,"S",11.06,5.475,17
11,-60,-75,-67.5,"S",5.06,1,10.525
12,-75,-90,-82.5,"S",0,0,0
