"bin","max","min","mid","hemisphere","mean_richness","CI.Lower","CI.Upper"
1,90,75,82.5,"N",5.63,1.475,11
2,75,60,67.5,"N",8.41,4,13
3,60,45,52.5,"N",4.07,1,8.52499999999999
4,45,30,37.5,"N",21.81,14.475,32
5,30,15,22.5,"N",2.23,0,5
6,15,0,7.5,"N",10.31,5,17.525
7,0,-15,-7.5,"S",5.27,2,11
8,-15,-30,-22.5,"S",6.9,2.475,12
9,-30,-45,-37.5,"S",14.66,9,22
10,-45,-60,-52.5,"S",2.81,0,6
11,-60,-75,-67.5,"S",5.17,2,9.52499999999999
12,-75,-90,-82.5,"S",0,0,0
