"bin","max","min","mid","hemisphere","mean_richness","CI.Lower","CI.Upper"
1,90,75,82.5,"N",0,0,0
2,75,60,67.5,"N",2.19,0,5
3,60,45,52.5,"N",0.89,0,3
4,45,30,37.5,"N",15.7,9,23.525
5,30,15,22.5,"N",6.21,3,12
6,15,0,7.5,"N",4.43,1,8.52499999999999
7,0,-15,-7.5,"S",1.63,0,4.52499999999999
8,-15,-30,-22.5,"S",3.21,1,7
9,-30,-45,-37.5,"S",12.95,7.475,19.525
10,-45,-60,-52.5,"S",9.16,4,15.05
11,-60,-75,-67.5,"S",3.32,0,7
12,-75,-90,-82.5,"S",0,0,0
