"bin","max","min","mid","hemisphere","mean_richness","CI.Lower","CI.Upper"
1,90,75,82.5,"N",0,0,0
2,75,60,67.5,"N",0,0,0
3,60,45,52.5,"N",16.29,8.95,24.05
4,45,30,37.5,"N",45.09,31.95,57.525
5,30,15,22.5,"N",2.16,0,5.52499999999999
6,15,0,7.5,"N",6.27,1.475,11
7,0,-15,-7.5,"S",4.44,1,9
8,-15,-30,-22.5,"S",0.58,0,2
9,-30,-45,-37.5,"S",3.14,1,7
10,-45,-60,-52.5,"S",3.29,0,6.52499999999999
11,-60,-75,-67.5,"S",0,0,0
12,-75,-90,-82.5,"S",0,0,0
