"bin","max","min","mid","hemisphere","mean_richness","CI.Lower","CI.Upper"
1,90,75,82.5,"N",0,0,0
2,75,60,67.5,"N",0,0,0
3,60,45,52.5,"N",22.69,13.95,30.525
4,45,30,37.5,"N",60.98,48.425,76
5,30,15,22.5,"N",5.26,2,10
6,15,0,7.5,"N",10.03,4,17.525
7,0,-15,-7.5,"S",4.8,1,8.52499999999999
8,-15,-30,-22.5,"S",1.65,0,4.52499999999999
9,-30,-45,-37.5,"S",8.37,4,14
10,-45,-60,-52.5,"S",6.45,2,10
11,-60,-75,-67.5,"S",0,0,0
12,-75,-90,-82.5,"S",0,0,0
