"bin","max","min","mid","hemisphere","mean_richness","CI.Lower","CI.Upper"
1,90,75,82.5,"N",0,0,0
2,75,60,67.5,"N",2.26,0,5.52499999999999
3,60,45,52.5,"N",30.96,20.475,43
4,45,30,37.5,"N",38.2,25.95,51
5,30,15,22.5,"N",25.04,17,35.525
6,15,0,7.5,"N",4.68,1,8.52499999999999
7,0,-15,-7.5,"S",3.74,1,8
8,-15,-30,-22.5,"S",7.49,3,12.525
9,-30,-45,-37.5,"S",6.51,2.475,12.525
10,-45,-60,-52.5,"S",1.84,0,4.52499999999999
11,-60,-75,-67.5,"S",4.14,1,8.52499999999999
12,-75,-90,-82.5,"S",4.41,0.475,8
