"bin","max","min","mid","hemisphere","mean_richness","CI.Lower","CI.Upper"
1,90,75,82.5,"N",1.77,0,4
2,75,60,67.5,"N",8.12,4,13.525
3,60,45,52.5,"N",14.89,7,24.525
4,45,30,37.5,"N",35.52,23.95,47.525
5,30,15,22.5,"N",18.54,11.475,26
6,15,0,7.5,"N",7.94,3.475,12.525
7,0,-15,-7.5,"S",1.34,0,4.52499999999999
8,-15,-30,-22.5,"S",2.52,0,6.04999999999998
9,-30,-45,-37.5,"S",2.99,0,6
10,-45,-60,-52.5,"S",1.73,0,4.52499999999999
11,-60,-75,-67.5,"S",5.31,1,10.525
12,-75,-90,-82.5,"S",0.1,0,1
