"bin","max","min","mid","hemisphere","mean_richness","CI.Lower","CI.Upper"
1,90,75,82.5,"N",7.65,2,13
2,75,60,67.5,"N",11.02,5.475,18
3,60,45,52.5,"N",16.48,10,24.525
4,45,30,37.5,"N",53.02,39.475,65.525
5,30,15,22.5,"N",23.91,16,32.525
6,15,0,7.5,"N",1.55,0,4
7,0,-15,-7.5,"S",2.23,0,5
8,-15,-30,-22.5,"S",3.3,0,7.52499999999999
9,-30,-45,-37.5,"S",7.2,3,14
10,-45,-60,-52.5,"S",0,0,0
11,-60,-75,-67.5,"S",0,0,0
12,-75,-90,-82.5,"S",4.94,1,9.52499999999999
