"bin","max","min","mid","hemisphere","mean_richness","CI.Lower","CI.Upper"
1,90,75,82.5,"N",0,0,0
2,75,60,67.5,"N",0,0,0
3,60,45,52.5,"N",16.15,8.95,22
4,45,30,37.5,"N",52.45,38.475,65.05
5,30,15,22.5,"N",3.69,1,7.52499999999999
6,15,0,7.5,"N",10.24,5,15
7,0,-15,-7.5,"S",5.9,1,11
8,-15,-30,-22.5,"S",2.7,0,6.52499999999999
9,-30,-45,-37.5,"S",14.19,7,21
10,-45,-60,-52.5,"S",0,0,0
11,-60,-75,-67.5,"S",0,0,0
12,-75,-90,-82.5,"S",0,0,0
