"bin","max","min","mid","hemisphere","mean_richness","CI.Lower","CI.Upper"
1,90,75,82.5,"N",0,0,0
2,75,60,67.5,"N",0,0,0
3,60,45,52.5,"N",19.85,13,27.525
4,45,30,37.5,"N",47.55,34,60.525
5,30,15,22.5,"N",9.96,5,15
6,15,0,7.5,"N",11.04,6.475,16.525
7,0,-15,-7.5,"S",1.6,0,4.52499999999999
8,-15,-30,-22.5,"S",5.81,1.475,10.525
9,-30,-45,-37.5,"S",11.86,6.475,18.525
10,-45,-60,-52.5,"S",1.51,0,4.52499999999999
11,-60,-75,-67.5,"S",0,0,0
12,-75,-90,-82.5,"S",0,0,0
