"bin","max","min","mid","hemisphere","mean_richness","CI.Lower","CI.Upper"
1,90,75,82.5,"N",3.07,0,8
2,75,60,67.5,"N",12.48,6,18
3,60,45,52.5,"N",4.93,1,9
4,45,30,37.5,"N",8.71,4.475,15.525
5,30,15,22.5,"N",12.39,6.475,19
6,15,0,7.5,"N",2.53,0,5.52499999999999
7,0,-15,-7.5,"S",0.37,0,2
8,-15,-30,-22.5,"S",2.05,0,5
9,-30,-45,-37.5,"S",1.99,0,5.52499999999999
10,-45,-60,-52.5,"S",0,0,0
11,-60,-75,-67.5,"S",0,0,0
12,-75,-90,-82.5,"S",0,0,0
