"bin","max","min","mid","hemisphere","mean_richness","CI.Lower","CI.Upper"
1,90,75,82.5,"N",0,0,0
2,75,60,67.5,"N",0,0,0
3,60,45,52.5,"N",0,0,0
4,45,30,37.5,"N",18.28,11,27
5,30,15,22.5,"N",3.58,0.475,7.52499999999999
6,15,0,7.5,"N",6.61,2,13.525
7,0,-15,-7.5,"S",18.45,12.475,27
8,-15,-30,-22.5,"S",7.72,4,13
9,-30,-45,-37.5,"S",12.64,7,19
10,-45,-60,-52.5,"S",1.26,0,3.52499999999999
11,-60,-75,-67.5,"S",12.22,6.475,18.525
12,-75,-90,-82.5,"S",3.99,1,8
