"bin","max","min","mid","hemisphere","mean_richness","CI.Lower","CI.Upper"
1,90,75,82.5,"N",1.82,0,6
2,75,60,67.5,"N",0.48,0,2
3,60,45,52.5,"N",11.31,5,18.525
4,45,30,37.5,"N",8.35,3,14
5,30,15,22.5,"N",19.71,12,29
6,15,0,7.5,"N",5.14,1,9.52499999999999
7,0,-15,-7.5,"S",16.52,9,25
8,-15,-30,-22.5,"S",14.21,8,22
9,-30,-45,-37.5,"S",5.8,2,10
10,-45,-60,-52.5,"S",0.9,0,3
11,-60,-75,-67.5,"S",2.72,0,6
12,-75,-90,-82.5,"S",2.03,0,6.52499999999999
