"bin","max","min","mid","hemisphere","mean_richness","CI.Lower","CI.Upper"
1,90,75,82.5,"N",0,0,0
2,75,60,67.5,"N",0,0,0
3,60,45,52.5,"N",7.79,3,13.525
4,45,30,37.5,"N",24.15,16,32.525
5,30,15,22.5,"N",6.76,2.475,11
6,15,0,7.5,"N",6.32,2.475,11
7,0,-15,-7.5,"S",3.34,0,6.52499999999999
8,-15,-30,-22.5,"S",0.67,0,2.52499999999999
9,-30,-45,-37.5,"S",6.3,2,11.525
10,-45,-60,-52.5,"S",0,0,0
11,-60,-75,-67.5,"S",1.78,0,5
12,-75,-90,-82.5,"S",0,0,0
