"bin","max","min","mid","hemisphere","mean_richness","CI.Lower","CI.Upper"
1,90,75,82.5,"N",0,0,0
2,75,60,67.5,"N",0,0,0
3,60,45,52.5,"N",14.16,6.475,21.525
4,45,30,37.5,"N",54.81,39.475,71.05
5,30,15,22.5,"N",25.81,18,35
6,15,0,7.5,"N",15.01,8.475,25
7,0,-15,-7.5,"S",8.74,4,15.525
8,-15,-30,-22.5,"S",1.02,0,4.52499999999999
9,-30,-45,-37.5,"S",17.6,10,27
10,-45,-60,-52.5,"S",5.28,1,12
11,-60,-75,-67.5,"S",2.23,0,5.52499999999999
12,-75,-90,-82.5,"S",0,0,0
