"bin","max","min","mid","hemisphere","mean_richness","CI.Lower","CI.Upper"
1,90,75,82.5,"N",NA,NA,NA
2,75,60,67.5,"N",NA,NA,NA
3,60,45,52.5,"N",2.91993,0.475,6
4,45,30,37.5,"N",29.19485,25.20385,32.0601
5,30,15,22.5,"N",9.6406,4,15.742925
6,15,0,7.5,"N",NA,NA,NA
7,0,-15,-7.5,"S",NA,NA,NA
8,-15,-30,-22.5,"S",1.47999,0,4.52499999999999
9,-30,-45,-37.5,"S",3.25929,0.475,6.52289999999999
10,-45,-60,-52.5,"S",NA,NA,NA
11,-60,-75,-67.5,"S",NA,NA,NA
12,-75,-90,-82.5,"S",0.03,0,0.524999999999991
