"bin","max","min","mid","hemisphere","mean_richness","CI.Lower","CI.Upper"
1,90,75,82.5,"N",NA,NA,NA
2,75,60,67.5,"N",0.14,0,1
3,60,45,52.5,"N",12.56254,6.997,19.52355
4,45,30,37.5,"N",31.5429,28.54535,34.20125
5,30,15,22.5,"N",7.37655,3,12.32535
6,15,0,7.5,"N",0.03,0,0.524999999999991
7,0,-15,-7.5,"S",NA,NA,NA
8,-15,-30,-22.5,"S",0.49,0,2
9,-30,-45,-37.5,"S",4.30732,1,8.947875
10,-45,-60,-52.5,"S",NA,NA,NA
11,-60,-75,-67.5,"S",NA,NA,NA
12,-75,-90,-82.5,"S",0.02,0,0
