"bin","max","min","mid","hemisphere","mean_richness","CI.Lower","CI.Upper"
1,90,75,82.5,"N",0.26,0,1
2,75,60,67.5,"N",7.76339,2.475,11.818975
3,60,45,52.5,"N",31.0368,27.00905,34.35645
4,45,30,37.5,"N",36.2052,34.388125,37.859175
5,30,15,22.5,"N",7.65647,3,13.6038
6,15,0,7.5,"N",0.38,0,2
7,0,-15,-7.5,"S",0.05,0,1
8,-15,-30,-22.5,"S",NA,NA,NA
9,-30,-45,-37.5,"S",6.46422,3,11.3363
10,-45,-60,-52.5,"S",3.83866,1,7.988525
11,-60,-75,-67.5,"S",3.82603,1,7.964325
12,-75,-90,-82.5,"S",NA,NA,NA
