"bin","max","min","mid","hemisphere","mean_richness","CI.Lower","CI.Upper"
1,90,75,82.5,"N",0.06,0,1
2,75,60,67.5,"N",2.48979,0,5.51922499999999
3,60,45,52.5,"N",18.33862,13.0907,23.531
4,45,30,37.5,"N",28.29811,23.143675,32.02905
5,30,15,22.5,"N",20.45285,14.968225,25.570125
6,15,0,7.5,"N",0.95,0,3
7,0,-15,-7.5,"S",0.17,0,1
8,-15,-30,-22.5,"S",3.1896,0,5.999
9,-30,-45,-37.5,"S",7.47143,3,13.18235
10,-45,-60,-52.5,"S",NA,NA,NA
11,-60,-75,-67.5,"S",NA,NA,NA
12,-75,-90,-82.5,"S",0.14,0,1
