"bin","max","min","mid","hemisphere","mean_richness","CI.Lower","CI.Upper"
1,90,75,82.5,"N",NA,NA,NA
2,75,60,67.5,"N",NA,NA,NA
3,60,45,52.5,"N",16.2773,9.84935,22.49595
4,45,30,37.5,"N",23.77967,18.787325,28.48865
5,30,15,22.5,"N",23.76252,19.53135,27.7935
6,15,0,7.5,"N",0.03,0,0.524999999999991
7,0,-15,-7.5,"S",0.79991,0,3.52499999999999
8,-15,-30,-22.5,"S",1.96984,0,5
9,-30,-45,-37.5,"S",NA,NA,NA
10,-45,-60,-52.5,"S",NA,NA,NA
11,-60,-75,-67.5,"S",NA,NA,NA
12,-75,-90,-82.5,"S",0.12,0,1
