"bin","max","min","mid","hemisphere","mean_richness","CI.Lower","CI.Upper"
1,90,75,82.5,"N",0.18,0,1
2,75,60,67.5,"N",NA,NA,NA
3,60,45,52.5,"N",13.23287,6.9423,19.555675
4,45,30,37.5,"N",22.50362,18.2737,26.76255
5,30,15,22.5,"N",19.09116,12.587425,23.584175
6,15,0,7.5,"N",1.78967,0,4.995675
7,0,-15,-7.5,"S",0.81,0,3
8,-15,-30,-22.5,"S",2.19997,0,5
9,-30,-45,-37.5,"S",3.72626,0,7.9791
10,-45,-60,-52.5,"S",NA,NA,NA
11,-60,-75,-67.5,"S",NA,NA,NA
12,-75,-90,-82.5,"S",0.04,0,1
