"bin","max","min","mid","hemisphere","mean_richness","CI.Lower","CI.Upper"
1,90,75,82.5,"N",0.16,0,1
2,75,60,67.5,"N",4.5345,1,8.94525
3,60,45,52.5,"N",26.7269,21.47125,30.20575
4,45,30,37.5,"N",36.1566,33.91325,38.23725
5,30,15,22.5,"N",27.0342,23.31425,30.0615
6,15,0,7.5,"N",2.5289,0,6.49349999999999
7,0,-15,-7.5,"S",0.67,0,2
8,-15,-30,-22.5,"S",5.4919,2,8.97525
9,-30,-45,-37.5,"S",13.2921,7.9895,18.844
10,-45,-60,-52.5,"S",NA,NA,NA
11,-60,-75,-67.5,"S",NA,NA,NA
12,-75,-90,-82.5,"S",0.4,0,2
