"bin","max","min","mid","hemisphere","mean_richness","CI.Lower","CI.Upper"
1,90,75,82.5,"N",0.06,0,1
2,75,60,67.5,"N",1.31,0,4.52499999999999
3,60,45,52.5,"N",2.83965,0,5.99805
4,45,30,37.5,"N",35.57327,33.4187,37.52565
5,30,15,22.5,"N",9.45151,5,15.694375
6,15,0,7.5,"N",0.05,0,1
7,0,-15,-7.5,"S",NA,NA,NA
8,-15,-30,-22.5,"S",0.99,0,3
9,-30,-45,-37.5,"S",6.03055,2,10.825175
10,-45,-60,-52.5,"S",2.71998,0,6
11,-60,-75,-67.5,"S",8.58983,3.994425,13.51055
12,-75,-90,-82.5,"S",NA,NA,NA
