"bin","max","min","mid","hemisphere","mean_richness","CI.Lower","CI.Upper"
1,90,75,82.5,"N",0.21,0,1
2,75,60,67.5,"N",1.4899,0,4
3,60,45,52.5,"N",5.2941,1,9.95525
4,45,30,37.5,"N",37.6143,35.67375,38.9815
5,30,15,22.5,"N",12.2518,6.475,17.72725
6,15,0,7.5,"N",0.84,0,2
7,0,-15,-7.5,"S",0.08,0,1
8,-15,-30,-22.5,"S",NA,NA,NA
9,-30,-45,-37.5,"S",9.74310000000001,5,14.47575
10,-45,-60,-52.5,"S",11.9733,5,17.5335
11,-60,-75,-67.5,"S",13.5213,7.46025,19.25375
12,-75,-90,-82.5,"S",NA,NA,NA
