"bin","max","min","mid","hemisphere","mean_richness","CI.Lower","CI.Upper"
1,90,75,82.5,"N",0.12,0,1
2,75,60,67.5,"N",1.38,0,4
3,60,45,52.5,"N",4.07869,1,8.50554999999999
4,45,30,37.5,"N",37.14462,34.623325,39.04345
5,30,15,22.5,"N",12.96885,7.454575,18.41075
6,15,0,7.5,"N",0.14,0,1
7,0,-15,-7.5,"S",NA,NA,NA
8,-15,-30,-22.5,"S",NA,NA,NA
9,-30,-45,-37.5,"S",3.39963,0,7.51479999999999
10,-45,-60,-52.5,"S",NA,NA,NA
11,-60,-75,-67.5,"S",10.82289,4.942875,17.808825
12,-75,-90,-82.5,"S",NA,NA,NA
