"bin","max","min","mid","hemisphere","mean_richness","CI.Lower","CI.Upper"
1,90,75,82.5,"N",NA,NA,NA
2,75,60,67.5,"N",NA,NA,NA
3,60,45,52.5,"N",16.8743,9.94475,22.7275
4,45,30,37.5,"N",31.2988,26.93125,34.02125
5,30,15,22.5,"N",6.5635,2,11.74525
6,15,0,7.5,"N",0.5,0,2
7,0,-15,-7.5,"S",NA,NA,NA
8,-15,-30,-22.5,"S",NA,NA,NA
9,-30,-45,-37.5,"S",16.9724,9.93475,22.1425
10,-45,-60,-52.5,"S",24.8261,20.1355,29.33725
11,-60,-75,-67.5,"S",NA,NA,NA
12,-75,-90,-82.5,"S",NA,NA,NA
