"bin","max","min","mid","hemisphere","mean_richness","CI.Lower","CI.Upper"
1,90,75,82.5,"N",NA,NA,NA
2,75,60,67.5,"N",NA,NA,NA
3,60,45,52.5,"N",8.5205,3.475,12.7852
4,45,30,37.5,"N",26.42687,21.50895,30.087425
5,30,15,22.5,"N",1.34,0,3.52499999999999
6,15,0,7.5,"N",0.02,0,0
7,0,-15,-7.5,"S",NA,NA,NA
8,-15,-30,-22.5,"S",NA,NA,NA
9,-30,-45,-37.5,"S",10.89643,5.9979,16.022775
10,-45,-60,-52.5,"S",8.26874,3,14.0367
11,-60,-75,-67.5,"S",NA,NA,NA
12,-75,-90,-82.5,"S",NA,NA,NA
