"bin","max","min","mid","hemisphere","mean_richness","CI.Lower","CI.Upper"
1,90,75,82.5,"N",NA,NA,NA
2,75,60,67.5,"N",NA,NA,NA
3,60,45,52.5,"N",12.53396,6.47405,17.710575
4,45,30,37.5,"N",29.7205,25.5174,33.11225
5,30,15,22.5,"N",2.79996,0,5.52394999999999
6,15,0,7.5,"N",0.21,0,1
7,0,-15,-7.5,"S",NA,NA,NA
8,-15,-30,-22.5,"S",NA,NA,NA
9,-30,-45,-37.5,"S",18.43785,12.937675,23.6757
10,-45,-60,-52.5,"S",14.96091,9.9102,20.55145
11,-60,-75,-67.5,"S",NA,NA,NA
12,-75,-90,-82.5,"S",NA,NA,NA
