"bin","max","min","mid","hemisphere","mean_richness","CI.Lower","CI.Upper"
1,90,75,82.5,"N",NA,NA,NA
2,75,60,67.5,"N",NA,NA,NA
3,60,45,52.5,"N",2.92996,0.475,5.998525
4,45,30,37.5,"N",20.54849,14.617575,26.404475
5,30,15,22.5,"N",0.6,0,2.52499999999999
6,15,0,7.5,"N",0.08,0,1
7,0,-15,-7.5,"S",NA,NA,NA
8,-15,-30,-22.5,"S",NA,NA,NA
9,-30,-45,-37.5,"S",12.64375,7.97485,17.6479
10,-45,-60,-52.5,"S",10.21162,5,15.194075
11,-60,-75,-67.5,"S",NA,NA,NA
12,-75,-90,-82.5,"S",NA,NA,NA
