"bin","max","min","mid","hemisphere","mean_richness","CI.Lower","CI.Upper"
1,90,75,82.5,"N",NA,NA,NA
2,75,60,67.5,"N",NA,NA,NA
3,60,45,52.5,"N",NA,NA,NA
4,45,30,37.5,"N",26.81935,22.849175,30.456525
5,30,15,22.5,"N",10.55154,4.4731,15.220525
6,15,0,7.5,"N",0.62,0,2
7,0,-15,-7.5,"S",0.32,0,2
8,-15,-30,-22.5,"S",1.55,0,4.52499999999999
9,-30,-45,-37.5,"S",31.19468,27.6358,34.40345
10,-45,-60,-52.5,"S",25.61768,19.6615,30.28115
11,-60,-75,-67.5,"S",7.87966,3,13.2052
12,-75,-90,-82.5,"S",NA,NA,NA
