"bin","max","min","mid","hemisphere","mean_richness","CI.Lower","CI.Upper"
1,90,75,82.5,"N",NA,NA,NA
2,75,60,67.5,"N",0.68,0,3
3,60,45,52.5,"N",1.19,0,4
4,45,30,37.5,"N",25.628,21.30845,30.292975
5,30,15,22.5,"N",8.61443,4.4104,13.326525
6,15,0,7.5,"N",0.6,0,2
7,0,-15,-7.5,"S",0.43,0,2
8,-15,-30,-22.5,"S",2.63976,0,5.9941
9,-30,-45,-37.5,"S",19.51737,13.473025,25.00555
10,-45,-60,-52.5,"S",25.54557,20.343075,29.13675
11,-60,-75,-67.5,"S",3.57881,1,7.51322499999999
12,-75,-90,-82.5,"S",0.12,0,1
