"bin","max","min","mid","hemisphere","mean_richness","CI.Lower","CI.Upper"
1,90,75,82.5,"N",NA,NA,NA
2,75,60,67.5,"N",NA,NA,NA
3,60,45,52.5,"N",NA,NA,NA
4,45,30,37.5,"N",23.46885,18.001975,27.856925
5,30,15,22.5,"N",6.22101,2.9948,11.13385
6,15,0,7.5,"N",0.22,0,1
7,0,-15,-7.5,"S",0.09,0,1
8,-15,-30,-22.5,"S",2.8194,0.475,6
9,-30,-45,-37.5,"S",28.53264,24.472425,32.0371
10,-45,-60,-52.5,"S",21.71279,16.61335,25.97045
11,-60,-75,-67.5,"S",7.3253,3,13.418775
12,-75,-90,-82.5,"S",0.12,0,1
