"bin","max","min","mid","hemisphere","mean_richness","CI.Lower","CI.Upper"
1,90,75,82.5,"N",NA,NA,NA
2,75,60,67.5,"N",2.42938,0,5.996575
3,60,45,52.5,"N",1.94987,0,5
4,45,30,37.5,"N",24.5767,19.010225,28.25665
5,30,15,22.5,"N",11.17819,5.456475,15.804825
6,15,0,7.5,"N",0.56,0,2
7,0,-15,-7.5,"S",0.29,0,2
8,-15,-30,-22.5,"S",5.21631,2,9.8896
9,-30,-45,-37.5,"S",7.68181,3,13.64505
10,-45,-60,-52.5,"S",15.70705,8.968925,21.92825
11,-60,-75,-67.5,"S",0.25,0,2
12,-75,-90,-82.5,"S",NA,NA,NA
