"bin","max","min","mid","hemisphere","mean_richness","CI.Lower","CI.Upper"
1,90,75,82.5,"N",NA,NA,NA
2,75,60,67.5,"N",0.92,0,3
3,60,45,52.5,"N",NA,NA,NA
4,45,30,37.5,"N",19.75384,13.493,24.025425
5,30,15,22.5,"N",8.50237,4,14.3027
6,15,0,7.5,"N",0.11,0,1
7,0,-15,-7.5,"S",0.18,0,1
8,-15,-30,-22.5,"S",4.60282,1,8.9488
9,-30,-45,-37.5,"S",14.81209,8.969475,21.12675
10,-45,-60,-52.5,"S",14.71676,8.44045,20.93625
11,-60,-75,-67.5,"S",0.58,0,2
12,-75,-90,-82.5,"S",NA,NA,NA
