"bin","max","min","mid","hemisphere","mean_richness","CI.Lower","CI.Upper"
1,90,75,82.5,"N",0.02,0,0
2,75,60,67.5,"N",NA,NA,NA
3,60,45,52.5,"N",30.2339,25.67425,33.60925
4,45,30,37.5,"N",40.9237,39.44175,42.0805
5,30,15,22.5,"N",10.3977,4.475,15.43525
6,15,0,7.5,"N",0.18,0,1
7,0,-15,-7.5,"S",0.01,0,0
8,-15,-30,-22.5,"S",4.7444,1,8.97525
9,-30,-45,-37.5,"S",6.5094,2,13.16425
10,-45,-60,-52.5,"S",NA,NA,NA
11,-60,-75,-67.5,"S",NA,NA,NA
12,-75,-90,-82.5,"S",0.09,0,1
