"bin","max","min","mid","hemisphere","mean_richness","CI.Lower","CI.Upper"
1,90,75,82.5,"N",0.02,0,0
2,75,60,67.5,"N",NA,NA,NA
3,60,45,52.5,"N",22.32414,16.52795,26.9959
4,45,30,37.5,"N",36.54619,34.383175,38.26555
5,30,15,22.5,"N",6.35405,1.475,11.8433
6,15,0,7.5,"N",0.09,0,1
7,0,-15,-7.5,"S",0.02,0,0
8,-15,-30,-22.5,"S",1.78,0,4
9,-30,-45,-37.5,"S",1.59998,0,4.99905
10,-45,-60,-52.5,"S",NA,NA,NA
11,-60,-75,-67.5,"S",NA,NA,NA
12,-75,-90,-82.5,"S",0.01,0,0
