"bin","max","min","mid","hemisphere","mean_richness","CI.Lower","CI.Upper"
1,90,75,82.5,"N",NA,NA,NA
2,75,60,67.5,"N",1.04,0,3
3,60,45,52.5,"N",1.11,0,3
4,45,30,37.5,"N",23.06815,18.506425,27.285925
5,30,15,22.5,"N",11.49595,5.473575,16.6039
6,15,0,7.5,"N",0.89,0,2.52499999999999
7,0,-15,-7.5,"S",NA,NA,NA
8,-15,-30,-22.5,"S",NA,NA,NA
9,-30,-45,-37.5,"S",0.9,0,3
10,-45,-60,-52.5,"S",2.17995,0,4.52499999999999
11,-60,-75,-67.5,"S",NA,NA,NA
12,-75,-90,-82.5,"S",NA,NA,NA
