"bin","max","min","mid","hemisphere","mean_richness","CI.Lower","CI.Upper"
1,90,75,82.5,"N",0.01,0,0
2,75,60,67.5,"N",0.74,0,2.52499999999999
3,60,45,52.5,"N",5.67918,2,10.94705
4,45,30,37.5,"N",27.35109,23.6351,31.1816
5,30,15,22.5,"N",8.42969,3,14.8147
6,15,0,7.5,"N",0.4,0,2
7,0,-15,-7.5,"S",NA,NA,NA
8,-15,-30,-22.5,"S",NA,NA,NA
9,-30,-45,-37.5,"S",2.13995,0,5.52447499999999
10,-45,-60,-52.5,"S",2.25993,0,5.998575
11,-60,-75,-67.5,"S",NA,NA,NA
12,-75,-90,-82.5,"S",NA,NA,NA
