"bin","max","min","mid","hemisphere","mean_richness","CI.Lower","CI.Upper"
1,90,75,82.5,"N",0.09,0,1
2,75,60,67.5,"N",0.98,0,3
3,60,45,52.5,"N",8.6098,4,14.51575
4,45,30,37.5,"N",31.7221,27.379,34.59625
5,30,15,22.5,"N",16.8399,9.847,23.0485
6,15,0,7.5,"N",0.86,0,3
7,0,-15,-7.5,"S",NA,NA,NA
8,-15,-30,-22.5,"S",NA,NA,NA
9,-30,-45,-37.5,"S",6.3014,2,11.751
10,-45,-60,-52.5,"S",10.3973,5,16.24525
11,-60,-75,-67.5,"S",NA,NA,NA
12,-75,-90,-82.5,"S",NA,NA,NA
