"bin","max","min","mid","hemisphere","mean_richness","CI.Lower","CI.Upper"
1,90,75,82.5,"N",NA,NA,NA
2,75,60,67.5,"N",NA,NA,NA
3,60,45,52.5,"N",10.0074,4.475,15.323625
4,45,30,37.5,"N",37.66412,36.179075,39.06475
5,30,15,22.5,"N",3.2788,0,6.996525
6,15,0,7.5,"N",0.07,0,1
7,0,-15,-7.5,"S",NA,NA,NA
8,-15,-30,-22.5,"S",NA,NA,NA
9,-30,-45,-37.5,"S",3.12968,0.475,6.99405
10,-45,-60,-52.5,"S",5.06578,2,9.49019999999999
11,-60,-75,-67.5,"S",NA,NA,NA
12,-75,-90,-82.5,"S",NA,NA,NA
