"bin","max","min","mid","hemisphere","mean_richness","CI.Lower","CI.Upper"
1,90,75,82.5,"N",NA,NA,NA
2,75,60,67.5,"N",NA,NA,NA
3,60,45,52.5,"N",31.8806,28.66775,35.354
4,45,30,37.5,"N",32.4779,29.118,35.331
5,30,15,22.5,"N",12.8358,5.93575,18.10425
6,15,0,7.5,"N",0.87,0,3
7,0,-15,-7.5,"S",NA,NA,NA
8,-15,-30,-22.5,"S",1.68,0,4
9,-30,-45,-37.5,"S",5.9592,2,10.935
10,-45,-60,-52.5,"S",19.7746,12.99275,24.764
11,-60,-75,-67.5,"S",0.95,0,3
12,-75,-90,-82.5,"S",NA,NA,NA
