"bin","max","min","mid","hemisphere","mean_richness","CI.Lower","CI.Upper"
1,90,75,82.5,"N",NA,NA,NA
2,75,60,67.5,"N",NA,NA,NA
3,60,45,52.5,"N",7.44788,2.475,12.314675
4,45,30,37.5,"N",34.60408,32.67615,36.774825
5,30,15,22.5,"N",15.84807,11.276575,20.655775
6,15,0,7.5,"N",0.39,0,2
7,0,-15,-7.5,"S",0.58,0,2.52499999999999
8,-15,-30,-22.5,"S",7.16998,2.475,12.5551
9,-30,-45,-37.5,"S",4.51498,1,8.929
10,-45,-60,-52.5,"S",NA,NA,NA
11,-60,-75,-67.5,"S",NA,NA,NA
12,-75,-90,-82.5,"S",NA,NA,NA
