"bin","max","min","mid","hemisphere","mean_richness","CI.Lower","CI.Upper"
1,90,75,82.5,"N",0.01,0,0
2,75,60,67.5,"N",0.06,0,1
3,60,45,52.5,"N",7.09525,3,12.756525
4,45,30,37.5,"N",33.04716,30.7434,35.293525
5,30,15,22.5,"N",11.27769,6.4654,16.55325
6,15,0,7.5,"N",0.36,0,2
7,0,-15,-7.5,"S",0.07,0,1
8,-15,-30,-22.5,"S",2.29989,0,5.52342499999999
9,-30,-45,-37.5,"S",NA,NA,NA
10,-45,-60,-52.5,"S",0.71,0,2
11,-60,-75,-67.5,"S",NA,NA,NA
12,-75,-90,-82.5,"S",NA,NA,NA
