"bin","max","min","mid","hemisphere","mean_richness","CI.Lower","CI.Upper"
1,90,75,82.5,"N",0.09,0,1
2,75,60,67.5,"N",0.23,0,1
3,60,45,52.5,"N",30.9031,26.34375,34.20075
4,45,30,37.5,"N",39.8848,38.20825,41.41
5,30,15,22.5,"N",12.6075,7.99,19.887
6,15,0,7.5,"N",0.55,0,2
7,0,-15,-7.5,"S",0.14,0,1
8,-15,-30,-22.5,"S",3.4573,0,7.96525
9,-30,-45,-37.5,"S",2.79,0.475,7
10,-45,-60,-52.5,"S",NA,NA,NA
11,-60,-75,-67.5,"S",1.14,0,4
12,-75,-90,-82.5,"S",0.01,0,0
