"bin","max","min","mid","hemisphere","mean_richness","CI.Lower","CI.Upper"
1,90,75,82.5,"N",0.07,0,1
2,75,60,67.5,"N",0.14,0,1
3,60,45,52.5,"N",21.92715,15.262825,27.606525
4,45,30,37.5,"N",35.14725,32.27915,37.4083
5,30,15,22.5,"N",7.88602,3,12.7812
6,15,0,7.5,"N",0.21,0,1
7,0,-15,-7.5,"S",0.12,0,1
8,-15,-30,-22.5,"S",1.25999,0,4
9,-30,-45,-37.5,"S",1.40999,0,4
10,-45,-60,-52.5,"S",NA,NA,NA
11,-60,-75,-67.5,"S",0.42,0,2
12,-75,-90,-82.5,"S",0.01,0,0
