"bin","max","min","mid","hemisphere","mean_richness","CI.Lower","CI.Upper"
1,90,75,82.5,"N",0.36,0,2
2,75,60,67.5,"N",7.11536,4,12.325075
3,60,45,52.5,"N",13.68469,7.972175,18.812425
4,45,30,37.5,"N",29.15893,26.13765,32.6394
5,30,15,22.5,"N",7.95466,3,13.41195
6,15,0,7.5,"N",0.93,0,4
7,0,-15,-7.5,"S",0.04,0,1
8,-15,-30,-22.5,"S",0.44,0,2
9,-30,-45,-37.5,"S",7.41452,3,12.324875
10,-45,-60,-52.5,"S",2.6197,0,6.52237499999999
11,-60,-75,-67.5,"S",0.54,0,3
12,-75,-90,-82.5,"S",NA,NA,NA
