"bin","max","min","mid","hemisphere","mean_richness","CI.Lower","CI.Upper"
1,90,75,82.5,"N",NA,NA,NA
2,75,60,67.5,"N",4.81287,1,8.968725
3,60,45,52.5,"N",28.96655,25.27945,32.032575
4,45,30,37.5,"N",35.40809,33.642,37.4675
5,30,15,22.5,"N",7.59309,3,11.72185
6,15,0,7.5,"N",0.22,0,1
7,0,-15,-7.5,"S",0.15,0,1
8,-15,-30,-22.5,"S",NA,NA,NA
9,-30,-45,-37.5,"S",8.14003,4,13.616325
10,-45,-60,-52.5,"S",3.66825,1,7.968625
11,-60,-75,-67.5,"S",2.28989,0,5.999525
12,-75,-90,-82.5,"S",NA,NA,NA
