"bin","max","min","mid","hemisphere","mean_richness","CI.Lower","CI.Upper"
1,90,75,82.5,"N",NA,NA,NA
2,75,60,67.5,"N",0.66,0,2
3,60,45,52.5,"N",15.57078,8.963625,21.5432
4,45,30,37.5,"N",34.29531,31.5487,37.066425
5,30,15,22.5,"N",1.56989,0,5
6,15,0,7.5,"N",0.23,0,1.52499999999999
7,0,-15,-7.5,"S",NA,NA,NA
8,-15,-30,-22.5,"S",NA,NA,NA
9,-30,-45,-37.5,"S",8.30188,3.475,14.35705
10,-45,-60,-52.5,"S",5.96791,1,10.791075
11,-60,-75,-67.5,"S",NA,NA,NA
12,-75,-90,-82.5,"S",NA,NA,NA
