"bin","max","min","mid","hemisphere","mean_richness","CI.Lower","CI.Upper"
1,90,75,82.5,"N",NA,NA,NA
2,75,60,67.5,"N",0.66,0,2
3,60,45,52.5,"N",11.60976,5.999,17.9986
4,45,30,37.5,"N",34.00536,31.442075,36.43655
5,30,15,22.5,"N",2.91933,0,6.52079999999999
6,15,0,7.5,"N",0.25,0,2
7,0,-15,-7.5,"S",0.18,0,1
8,-15,-30,-22.5,"S",0.67,0,3
9,-30,-45,-37.5,"S",12.01423,6.9969,18.111175
10,-45,-60,-52.5,"S",1.18,0,3
11,-60,-75,-67.5,"S",NA,NA,NA
12,-75,-90,-82.5,"S",NA,NA,NA
