"bin","max","min","mid","hemisphere","mean_richness","CI.Lower","CI.Upper"
1,90,75,82.5,"N",NA,NA,NA
2,75,60,67.5,"N",0.48,0,2
3,60,45,52.5,"N",12.13687,5.99895,17.9727
4,45,30,37.5,"N",32.42506,28.62975,35.2735
5,30,15,22.5,"N",4.93586,1,8.956975
6,15,0,7.5,"N",0.11,0,1
7,0,-15,-7.5,"S",0.04,0,1
8,-15,-30,-22.5,"S",1.3,0,3.52499999999999
9,-30,-45,-37.5,"S",11.56976,5.999475,16.08635
10,-45,-60,-52.5,"S",4.13859,0.475,8.97235
11,-60,-75,-67.5,"S",NA,NA,NA
12,-75,-90,-82.5,"S",NA,NA,NA
