"bin","max","min","mid","hemisphere","mean_richness","CI.Lower","CI.Upper"
1,90,75,82.5,"N",NA,NA,NA
2,75,60,67.5,"N",1.6,0,4
3,60,45,52.5,"N",12.93726,7.468625,17.729675
4,45,30,37.5,"N",37.2879,35.51415,39.095125
5,30,15,22.5,"N",4.15827,1,7.9741
6,15,0,7.5,"N",0.67,0,2
7,0,-15,-7.5,"S",0.01,0,0
8,-15,-30,-22.5,"S",NA,NA,NA
9,-30,-45,-37.5,"S",20.21158,13.6516,25.0518
10,-45,-60,-52.5,"S",6.118,2,13.257075
11,-60,-75,-67.5,"S",NA,NA,NA
12,-75,-90,-82.5,"S",NA,NA,NA
