"bin","max","min","mid","hemisphere","mean_richness","CI.Lower","CI.Upper"
1,90,75,82.5,"N",NA,NA,NA
2,75,60,67.5,"N",8.05677,2.475,13.318275
3,60,45,52.5,"N",NA,NA,NA
4,45,30,37.5,"N",35.01143,32.421175,37.134125
5,30,15,22.5,"N",12.74329,5.9413,17.655
6,15,0,7.5,"N",0.39,0,2
7,0,-15,-7.5,"S",0.64,0,2
8,-15,-30,-22.5,"S",6.86782,2.475,11.612075
9,-30,-45,-37.5,"S",7.82194,3.9979,14.032925
10,-45,-60,-52.5,"S",NA,NA,NA
11,-60,-75,-67.5,"S",NA,NA,NA
12,-75,-90,-82.5,"S",NA,NA,NA
