"bin","max","min","mid","hemisphere","mean_richness","CI.Lower","CI.Upper"
1,90,75,82.5,"N",NA,NA,NA
2,75,60,67.5,"N",5.60856,1,9.48299999999999
3,60,45,52.5,"N",NA,NA,NA
4,45,30,37.5,"N",31.92197,28.808925,35.01705
5,30,15,22.5,"N",8.54741,3,14.302525
6,15,0,7.5,"N",0.28,0,2
7,0,-15,-7.5,"S",0.41,0,2
8,-15,-30,-22.5,"S",4.08647,1,7.979675
9,-30,-45,-37.5,"S",4.69031,1,9.46707499999999
10,-45,-60,-52.5,"S",NA,NA,NA
11,-60,-75,-67.5,"S",NA,NA,NA
12,-75,-90,-82.5,"S",NA,NA,NA
