"bin","max","min","mid","hemisphere","mean_richness","CI.Lower","CI.Upper"
1,90,75,82.5,"N",0.08,0,1
2,75,60,67.5,"N",1.53,0,4
3,60,45,52.5,"N",28.3614,24.042,32.10675
4,45,30,37.5,"N",37.0154,34.4745,38.95375
5,30,15,22.5,"N",13.3889,7.47025,19.36875
6,15,0,7.5,"N",0.11,0,1
7,0,-15,-7.5,"S",0.2,0,1
8,-15,-30,-22.5,"S",3.826,0.475,7.98
9,-30,-45,-37.5,"S",14.8291,8.44125,20.485
10,-45,-60,-52.5,"S",NA,NA,NA
11,-60,-75,-67.5,"S",NA,NA,NA
12,-75,-90,-82.5,"S",0.02,0,0
