"bin","max","min","mid","hemisphere","mean_richness","CI.Lower","CI.Upper"
1,90,75,82.5,"N",0.05,0,1
2,75,60,67.5,"N",4.54612,1,7.989575
3,60,45,52.5,"N",3.86848,1,7
4,45,30,37.5,"N",31.84537,29.217675,34.710575
5,30,15,22.5,"N",11.16808,4.999475,18.0924
6,15,0,7.5,"N",0.26,0,1
7,0,-15,-7.5,"S",0.07,0,1
8,-15,-30,-22.5,"S",2.90959,0.475,6.52242499999999
9,-30,-45,-37.5,"S",2.19975,0,5.99905
10,-45,-60,-52.5,"S",NA,NA,NA
11,-60,-75,-67.5,"S",NA,NA,NA
12,-75,-90,-82.5,"S",NA,NA,NA
