"bin","max","min","mid","hemisphere","mean_richness","CI.Lower","CI.Upper"
1,90,75,82.5,"N",0.17,0,1
2,75,60,67.5,"N",6.21631,1.475,10.2969
3,60,45,52.5,"N",23.59824,18.74695,27.8723
4,45,30,37.5,"N",36.92706,34.756275,38.898975
5,30,15,22.5,"N",14.99715,10.7139,19.165125
6,15,0,7.5,"N",0.31,0,1
7,0,-15,-7.5,"S",NA,NA,NA
8,-15,-30,-22.5,"S",0.1,0,1
9,-30,-45,-37.5,"S",NA,NA,NA
10,-45,-60,-52.5,"S",0.39,0,2
11,-60,-75,-67.5,"S",NA,NA,NA
12,-75,-90,-82.5,"S",NA,NA,NA
