"bin","max","min","mid","hemisphere","mean_richness","CI.Lower","CI.Upper"
1,90,75,82.5,"N",0.17,0,1
2,75,60,67.5,"N",1.67994,0,4
3,60,45,52.5,"N",24.42414,20.4258,28.285025
4,45,30,37.5,"N",36.6564,34.434675,38.775775
5,30,15,22.5,"N",13.62098,8.450475,17.826075
6,15,0,7.5,"N",NA,NA,NA
7,0,-15,-7.5,"S",0.01,0,0
8,-15,-30,-22.5,"S",NA,NA,NA
9,-30,-45,-37.5,"S",1.32,0,3.52499999999999
10,-45,-60,-52.5,"S",NA,NA,NA
11,-60,-75,-67.5,"S",NA,NA,NA
12,-75,-90,-82.5,"S",NA,NA,NA
