"bin","max","min","mid","hemisphere","mean_richness","CI.Lower","CI.Upper"
1,90,75,82.5,"N",0.42,0,2
2,75,60,67.5,"N",2.65989,0,6
3,60,45,52.5,"N",23.55077,19.88285,27.434425
4,45,30,37.5,"N",37.96144,35.721725,39.772525
5,30,15,22.5,"N",16.3223,10.6715,22.1437
6,15,0,7.5,"N",0.02,0,0
7,0,-15,-7.5,"S",0.03,0,0.524999999999991
8,-15,-30,-22.5,"S",NA,NA,NA
9,-30,-45,-37.5,"S",1.32998,0,4
10,-45,-60,-52.5,"S",NA,NA,NA
11,-60,-75,-67.5,"S",NA,NA,NA
12,-75,-90,-82.5,"S",NA,NA,NA
