"bin","max","min","mid","hemisphere","mean_richness","CI.Lower","CI.Upper"
1,90,75,82.5,"N",NA,NA,NA
2,75,60,67.5,"N",NA,NA,NA
3,60,45,52.5,"N",23.01789,18.781175,26.832725
4,45,30,37.5,"N",13.00296,7.979425,19.3862
5,30,15,22.5,"N",1.2,0,4
6,15,0,7.5,"N",0.09,0,1
7,0,-15,-7.5,"S",0.52,0,2
8,-15,-30,-22.5,"S",1.9,0,5
9,-30,-45,-37.5,"S",2.03999,0,5
10,-45,-60,-52.5,"S",2.40995,0,5.52394999999999
11,-60,-75,-67.5,"S",NA,NA,NA
12,-75,-90,-82.5,"S",NA,NA,NA
