"bin","max","min","mid","hemisphere","mean_richness","CI.Lower","CI.Upper"
1,90,75,82.5,"N",0.36,0,2
2,75,60,67.5,"N",1.36,0,4
3,60,45,52.5,"N",22.40355,16.79515,26.872875
4,45,30,37.5,"N",21.42621,14.332125,26.43555
5,30,15,22.5,"N",7.25527,3,14.088825
6,15,0,7.5,"N",1.69996,0,4
7,0,-15,-7.5,"S",0.19,0,1
8,-15,-30,-22.5,"S",0.19,0,1
9,-30,-45,-37.5,"S",0.43,0,2
10,-45,-60,-52.5,"S",NA,NA,NA
11,-60,-75,-67.5,"S",NA,NA,NA
12,-75,-90,-82.5,"S",0.02,0,0
