"bin","max","min","mid","hemisphere","mean_richness","CI.Lower","CI.Upper"
1,90,75,82.5,"N",0.05,0,1
2,75,60,67.5,"N",NA,NA,NA
3,60,45,52.5,"N",21.79414,16.05995,26.5337
4,45,30,37.5,"N",23.64087,18.0031,28.247375
5,30,15,22.5,"N",12.29114,7.455325,16.7183
6,15,0,7.5,"N",0.39,0,2
7,0,-15,-7.5,"S",0.15,0,1
8,-15,-30,-22.5,"S",0.37,0,2
9,-30,-45,-37.5,"S",NA,NA,NA
10,-45,-60,-52.5,"S",NA,NA,NA
11,-60,-75,-67.5,"S",2.14964,0,5.51187499999999
12,-75,-90,-82.5,"S",0.02,0,0
