"bin","max","min","mid","hemisphere","mean_richness","CI.Lower","CI.Upper"
1,90,75,82.5,"N",NA,NA,NA
2,75,60,67.5,"N",10.52686,5.9949,15.5088
3,60,45,52.5,"N",21.56711,14.66655,26.756275
4,45,30,37.5,"N",31.38476,27.917825,34.324575
5,30,15,22.5,"N",18.5501,13.021725,24.3937
6,15,0,7.5,"N",1.04,0,3
7,0,-15,-7.5,"S",0.22,0,1
8,-15,-30,-22.5,"S",0.97,0,3
9,-30,-45,-37.5,"S",NA,NA,NA
10,-45,-60,-52.5,"S",NA,NA,NA
11,-60,-75,-67.5,"S",0.34,0,2
12,-75,-90,-82.5,"S",NA,NA,NA
