"bin","max","min","mid","hemisphere","mean_richness","CI.Lower","CI.Upper"
1,90,75,82.5,"N",NA,NA,NA
2,75,60,67.5,"N",15.505,9.82475,20.96925
3,60,45,52.5,"N",30.4607,26.1015,33.4705
4,45,30,37.5,"N",38.3238,36.41475,39.72725
5,30,15,22.5,"N",25.9958,20.5645,30.143
6,15,0,7.5,"N",1.9798,0,5
7,0,-15,-7.5,"S",0.56,0,2.52499999999999
8,-15,-30,-22.5,"S",2.11,0,5
9,-30,-45,-37.5,"S",NA,NA,NA
10,-45,-60,-52.5,"S",NA,NA,NA
11,-60,-75,-67.5,"S",3.9482,0,7.99525
12,-75,-90,-82.5,"S",NA,NA,NA
