"bin","max","min","mid","hemisphere","mean_richness","CI.Lower","CI.Upper"
1,90,75,82.5,"N",0.09,0,1
2,75,60,67.5,"N",NA,NA,NA
3,60,45,52.5,"N",26.43873,22.06765,30.526275
4,45,30,37.5,"N",29.94294,26.39795,32.906875
5,30,15,22.5,"N",14.66979,9.282725,19.57805
6,15,0,7.5,"N",1.04999,0,3
7,0,-15,-7.5,"S",0.33,0,2
8,-15,-30,-22.5,"S",0.7,0,3
9,-30,-45,-37.5,"S",NA,NA,NA
10,-45,-60,-52.5,"S",NA,NA,NA
11,-60,-75,-67.5,"S",NA,NA,NA
12,-75,-90,-82.5,"S",0.04,0,1
