"bin","max","min","mid","hemisphere","mean_richness","CI.Lower","CI.Upper"
1,90,75,82.5,"N",NA,NA,NA
2,75,60,67.5,"N",1.70996,0,5
3,60,45,52.5,"N",32.89303,29.489825,36.01205
4,45,30,37.5,"N",36.30813,33.954775,38.21645
5,30,15,22.5,"N",10.37637,4.475,16.39295
6,15,0,7.5,"N",0.4,0,2
7,0,-15,-7.5,"S",0.07,0,1
8,-15,-30,-22.5,"S",NA,NA,NA
9,-30,-45,-37.5,"S",7.48484,2.475,12.706525
10,-45,-60,-52.5,"S",NA,NA,NA
11,-60,-75,-67.5,"S",0.43,0,2
12,-75,-90,-82.5,"S",NA,NA,NA
