"bin","max","min","mid","hemisphere","mean_richness","CI.Lower","CI.Upper"
1,90,75,82.5,"N",NA,NA,NA
2,75,60,67.5,"N",2.22995,0,5
3,60,45,52.5,"N",35.45193,32.92825,37.476
4,45,30,37.5,"N",36.41079,33.590825,38.42975
5,30,15,22.5,"N",6.11091,1.475,9.921075
6,15,0,7.5,"N",0.26,0,1.52499999999999
7,0,-15,-7.5,"S",NA,NA,NA
8,-15,-30,-22.5,"S",NA,NA,NA
9,-30,-45,-37.5,"S",NA,NA,NA
10,-45,-60,-52.5,"S",2.19992,0,5
11,-60,-75,-67.5,"S",NA,NA,NA
12,-75,-90,-82.5,"S",0.01,0,0
