"bin","max","min","mid","hemisphere","mean_richness","CI.Lower","CI.Upper"
1,90,75,82.5,"N",NA,NA,NA
2,75,60,67.5,"N",3.1894,0,6.52499999999999
3,60,45,52.5,"N",36.326,34.429,38.0425
4,45,30,37.5,"N",39.4593,37.7495,41.06775
5,30,15,22.5,"N",15.7692,10.15275,22.62025
6,15,0,7.5,"N",0.7,0,2
7,0,-15,-7.5,"S",0.3,0,2
8,-15,-30,-22.5,"S",0.11,0,1
9,-30,-45,-37.5,"S",15.5761,9.41225,21.7285
10,-45,-60,-52.5,"S",NA,NA,NA
11,-60,-75,-67.5,"S",0.88,0,3
12,-75,-90,-82.5,"S",NA,NA,NA
