"bin","max","min","mid","hemisphere","mean_richness","CI.Lower","CI.Upper"
1,90,75,82.5,"N",0.03,0,0.524999999999991
2,75,60,67.5,"N",3.25967,0,6.997
3,60,45,52.5,"N",34.7436,32.0236,37.0809
4,45,30,37.5,"N",36.84195,34.29475,38.3681
5,30,15,22.5,"N",8.97093,4,13.948025
6,15,0,7.5,"N",0.62,0,3
7,0,-15,-7.5,"S",0.07,0,1
8,-15,-30,-22.5,"S",NA,NA,NA
9,-30,-45,-37.5,"S",NA,NA,NA
10,-45,-60,-52.5,"S",3.9692,1,7.988575
11,-60,-75,-67.5,"S",NA,NA,NA
12,-75,-90,-82.5,"S",0.01,0,0
