"bin","max","min","mid","hemisphere","mean_richness","CI.Lower","CI.Upper"
1,90,75,82.5,"N",0.23,0,1
2,75,60,67.5,"N",0.02,0,0
3,60,45,52.5,"N",3.6295,0.475,7.51832499999999
4,45,30,37.5,"N",20.21164,14.731275,24.451025
5,30,15,22.5,"N",4.77371,1,8.98005
6,15,0,7.5,"N",0.6,0,2
7,0,-15,-7.5,"S",1.58941,0,4
8,-15,-30,-22.5,"S",2.91944,1,6
9,-30,-45,-37.5,"S",6.53743,2,11.67675
10,-45,-60,-52.5,"S",0.61,0,2
11,-60,-75,-67.5,"S",NA,NA,NA
12,-75,-90,-82.5,"S",NA,NA,NA
