"bin","max","min","mid","hemisphere","mean_richness","CI.Lower","CI.Upper"
1,90,75,82.5,"N",0.18,0,1
2,75,60,67.5,"N",0.37,0,2
3,60,45,52.5,"N",21.9551,17.4396,25.857825
4,45,30,37.5,"N",16.75392,10.881425,21.564825
5,30,15,22.5,"N",6.61897,2,12.279625
6,15,0,7.5,"N",0.75,0,3
7,0,-15,-7.5,"S",0.45,0,2
8,-15,-30,-22.5,"S",3.36912,0,6.999
9,-30,-45,-37.5,"S",5.24622,1,8.49842499999999
10,-45,-60,-52.5,"S",NA,NA,NA
11,-60,-75,-67.5,"S",NA,NA,NA
12,-75,-90,-82.5,"S",0.04,0,1
