"bin","max","min","mid","hemisphere","mean_richness","CI.Lower","CI.Upper"
1,90,75,82.5,"N",0.14,0,1
2,75,60,67.5,"N",NA,NA,NA
3,60,45,52.5,"N",NA,NA,NA
4,45,30,37.5,"N",16.06145,10.31865,21.36655
5,30,15,22.5,"N",4.22442,0.475,9.40812499999999
6,15,0,7.5,"N",0.09,0,1
7,0,-15,-7.5,"S",0.56,0,2
8,-15,-30,-22.5,"S",1.57987,0,4.52499999999999
9,-30,-45,-37.5,"S",2.59984,0,5.999525
10,-45,-60,-52.5,"S",NA,NA,NA
11,-60,-75,-67.5,"S",NA,NA,NA
12,-75,-90,-82.5,"S",NA,NA,NA
