"bin","max","min","mid","hemisphere","mean_richness","CI.Lower","CI.Upper"
1,90,75,82.5,"N",0.47,0,2
2,75,60,67.5,"N",0.53,0,2
3,60,45,52.5,"N",27.6438,23.448,31.5415
4,45,30,37.5,"N",26.8102,22.76225,31.07775
5,30,15,22.5,"N",11.9297,6.9895,17.0455
6,15,0,7.5,"N",2.0095,0,5
7,0,-15,-7.5,"S",1.05,0,3
8,-15,-30,-22.5,"S",5.2338,1.475,9.47299999999999
9,-30,-45,-37.5,"S",10.8561,5,17.244
10,-45,-60,-52.5,"S",NA,NA,NA
11,-60,-75,-67.5,"S",NA,NA,NA
12,-75,-90,-82.5,"S",0.12,0,1
