"bin","max","min","mid","hemisphere","mean_richness","CI.Lower","CI.Upper"
1,90,75,82.5,"N",NA,NA,NA
2,75,60,67.5,"N",1.14,0,3
3,60,45,52.5,"N",27.8336,23.9455,31.02425
4,45,30,37.5,"N",34.1451,31.208,36.814
5,30,15,22.5,"N",8.04350000000001,3,13.189
6,15,0,7.5,"N",0.34,0,2
7,0,-15,-7.5,"S",NA,NA,NA
8,-15,-30,-22.5,"S",NA,NA,NA
9,-30,-45,-37.5,"S",6.1372,2,11.41825
10,-45,-60,-52.5,"S",27.5533,22.73075,31.094
11,-60,-75,-67.5,"S",1.44,0,4
12,-75,-90,-82.5,"S",NA,NA,NA
