"bin","max","min","mid","hemisphere","mean_richness","CI.Lower","CI.Upper"
1,90,75,82.5,"N",NA,NA,NA
2,75,60,67.5,"N",0.49,0,2
3,60,45,52.5,"N",18.6431,13.49755,23.6844
4,45,30,37.5,"N",25.86287,20.117225,30.23925
5,30,15,22.5,"N",3.81873,1,7.989525
6,15,0,7.5,"N",0.08,0,1
7,0,-15,-7.5,"S",NA,NA,NA
8,-15,-30,-22.5,"S",NA,NA,NA
9,-30,-45,-37.5,"S",3.1494,0.475,7.51779999999999
10,-45,-60,-52.5,"S",14.58537,8.970275,19.845025
11,-60,-75,-67.5,"S",NA,NA,NA
12,-75,-90,-82.5,"S",NA,NA,NA
