"bin","max","min","mid","hemisphere","mean_richness","CI.Lower","CI.Upper"
1,90,75,82.5,"N",NA,NA,NA
2,75,60,67.5,"N",1.65999,0,4.999525
3,60,45,52.5,"N",18.75104,12.21675,23.961725
4,45,30,37.5,"N",33.75952,30.705725,36.187875
5,30,15,22.5,"N",0.63,0,2
6,15,0,7.5,"N",NA,NA,NA
7,0,-15,-7.5,"S",NA,NA,NA
8,-15,-30,-22.5,"S",NA,NA,NA
9,-30,-45,-37.5,"S",4.84339,1.475,9.887
10,-45,-60,-52.5,"S",12.7514,6.47025,19.8643
11,-60,-75,-67.5,"S",NA,NA,NA
12,-75,-90,-82.5,"S",NA,NA,NA
