"bin","max","min","mid","hemisphere","mean_richness","CI.Lower","CI.Upper"
1,90,75,82.5,"N",NA,NA,NA
2,75,60,67.5,"N",3.46834,0,5.999
3,60,45,52.5,"N",20.90276,16.20705,25.342525
4,45,30,37.5,"N",37.65061,35.181775,39.438675
5,30,15,22.5,"N",1.0299,0,4
6,15,0,7.5,"N",0.28,0,2
7,0,-15,-7.5,"S",0.05,0,1
8,-15,-30,-22.5,"S",NA,NA,NA
9,-30,-45,-37.5,"S",8.16372,3.475,13.4996
10,-45,-60,-52.5,"S",23.61379,18.85055,27.735375
11,-60,-75,-67.5,"S",NA,NA,NA
12,-75,-90,-82.5,"S",NA,NA,NA
