"bin","max","min","mid","hemisphere","mean_richness","CI.Lower","CI.Upper"
1,90,75,82.5,"N",0.07,0,1
2,75,60,67.5,"N",0.28,0,1
3,60,45,52.5,"N",25.88704,21.886,29.52805
4,45,30,37.5,"N",30.8073,27.67225,33.28335
5,30,15,22.5,"N",6.83362,2.475,11.83965
6,15,0,7.5,"N",0.33,0,2
7,0,-15,-7.5,"S",0.07,0,1
8,-15,-30,-22.5,"S",0.06,0,1
9,-30,-45,-37.5,"S",NA,NA,NA
10,-45,-60,-52.5,"S",1.11,0,3
11,-60,-75,-67.5,"S",NA,NA,NA
12,-75,-90,-82.5,"S",NA,NA,NA
