"bin","max","min","mid","hemisphere","mean_richness","CI.Lower","CI.Upper"
1,90,75,82.5,"N",0.01,0,0
2,75,60,67.5,"N",NA,NA,NA
3,60,45,52.5,"N",12.03493,6.994475,17.588025
4,45,30,37.5,"N",35.16675,32.927525,37.491025
5,30,15,22.5,"N",10.60793,4.475,15.308525
6,15,0,7.5,"N",0.25,0,1
7,0,-15,-7.5,"S",0.04,0,1
8,-15,-30,-22.5,"S",NA,NA,NA
9,-30,-45,-37.5,"S",3.85813,0.475,7.98005
10,-45,-60,-52.5,"S",1.90941,0,4.999525
11,-60,-75,-67.5,"S",0.36,0,2
12,-75,-90,-82.5,"S",NA,NA,NA
