"bin","max","min","mid","hemisphere","mean_richness","CI.Lower","CI.Upper"
1,90,75,82.5,"N",0.07,0,1
2,75,60,67.5,"N",1.8598,0,5
3,60,45,52.5,"N",3.02,1,6
4,45,30,37.5,"N",30.7322,27.03725,33.57125
5,30,15,22.5,"N",18.2613,12.39,23.1815
6,15,0,7.5,"N",0.16,0,1
7,0,-15,-7.5,"S",0.27,0,1.52499999999999
8,-15,-30,-22.5,"S",1.13,0,4
9,-30,-45,-37.5,"S",5.487,1.475,9.9105
10,-45,-60,-52.5,"S",NA,NA,NA
11,-60,-75,-67.5,"S",0.4,0,2
12,-75,-90,-82.5,"S",NA,NA,NA
