"bin","max","min","mid","hemisphere","mean_richness","CI.Lower","CI.Upper"
1,90,75,82.5,"N",0.04,0,1
2,75,60,67.5,"N",4.13674,1,7.988525
3,60,45,52.5,"N",3.12964,0,7.51674999999999
4,45,30,37.5,"N",31.21632,27.998875,34.1367
5,30,15,22.5,"N",13.19824,7.9466,19.491825
6,15,0,7.5,"N",0.56,0,2
7,0,-15,-7.5,"S",NA,NA,NA
8,-15,-30,-22.5,"S",NA,NA,NA
9,-30,-45,-37.5,"S",NA,NA,NA
10,-45,-60,-52.5,"S",NA,NA,NA
11,-60,-75,-67.5,"S",0.65,0,2
12,-75,-90,-82.5,"S",NA,NA,NA
