"bin","max","min","mid","hemisphere","mean_richness","CI.Lower","CI.Upper"
1,90,75,82.5,"N",0.03,0,0.524999999999991
2,75,60,67.5,"N",3.15674,0,6.991525
3,60,45,52.5,"N",2.03984,0,5.52237499999999
4,45,30,37.5,"N",26.35609,22.7304,29.834625
5,30,15,22.5,"N",17.49442,10.818075,23.5066
6,15,0,7.5,"N",0.1,0,1
7,0,-15,-7.5,"S",0.06,0,1
8,-15,-30,-22.5,"S",0.36,0,2
9,-30,-45,-37.5,"S",0.62,0,2
10,-45,-60,-52.5,"S",NA,NA,NA
11,-60,-75,-67.5,"S",0.22,0,1.52499999999999
12,-75,-90,-82.5,"S",NA,NA,NA
