"bin","max","min","mid","hemisphere","mean_richness","CI.Lower","CI.Upper"
1,90,75,82.5,"N",NA,NA,NA
2,75,60,67.5,"N",NA,NA,NA
3,60,45,52.5,"N",28.7109,24.67475,32.57975
4,45,30,37.5,"N",32.8806,29.724,35.43125
5,30,15,22.5,"N",9.5532,4.475,15.71075
6,15,0,7.5,"N",NA,NA,NA
7,0,-15,-7.5,"S",0.05,0,1
8,-15,-30,-22.5,"S",0.34,0,1.52499999999999
9,-30,-45,-37.5,"S",6.3834,1,11.77625
10,-45,-60,-52.5,"S",9.41470000000001,4,14.69025
11,-60,-75,-67.5,"S",0.08,0,1
12,-75,-90,-82.5,"S",NA,NA,NA
