"bin","max","min","mid","hemisphere","mean_richness","CI.Lower","CI.Upper"
1,90,75,82.5,"N",NA,NA,NA
2,75,60,67.5,"N",0.13,0,1
3,60,45,52.5,"N",5.44372,1.475,10.45135
4,45,30,37.5,"N",30.1602,26.50665,33.723875
5,30,15,22.5,"N",5.14789,1,10.40315
6,15,0,7.5,"N",NA,NA,NA
7,0,-15,-7.5,"S",NA,NA,NA
8,-15,-30,-22.5,"S",0.25,0,1.52499999999999
9,-30,-45,-37.5,"S",3.64783,0.475,7.50987499999999
10,-45,-60,-52.5,"S",1.07,0,3
11,-60,-75,-67.5,"S",0.07,0,1
12,-75,-90,-82.5,"S",NA,NA,NA
