"bin","max","min","mid","hemisphere","mean_richness","CI.Lower","CI.Upper"
1,90,75,82.5,"N",NA,NA,NA
2,75,60,67.5,"N",NA,NA,NA
3,60,45,52.5,"N",16.20957,10.892075,21.641925
4,45,30,37.5,"N",29.50916,26.1645,32.3353
5,30,15,22.5,"N",5.163,1,9.48664999999999
6,15,0,7.5,"N",NA,NA,NA
7,0,-15,-7.5,"S",NA,NA,NA
8,-15,-30,-22.5,"S",0.18,0,1
9,-30,-45,-37.5,"S",2.92966,0,6.51607499999999
10,-45,-60,-52.5,"S",3.49957,0.475,6.998525
11,-60,-75,-67.5,"S",0.05,0,1
12,-75,-90,-82.5,"S",NA,NA,NA
