"bin","max","min","mid","hemisphere","mean_richness","CI.Lower","CI.Upper"
1,90,75,82.5,"N",0.44,0,2
2,75,60,67.5,"N",0.72,0,3
3,60,45,52.5,"N",29.92093,26.020725,33.07455
4,45,30,37.5,"N",20.22971,14.01025,25.312875
5,30,15,22.5,"N",3.54882,1,7.991575
6,15,0,7.5,"N",0.69,0,2
7,0,-15,-7.5,"S",0.22,0,1
8,-15,-30,-22.5,"S",2.96971,0,6.51974999999999
9,-30,-45,-37.5,"S",9.38112,4,14.502575
10,-45,-60,-52.5,"S",3.86869,0.475,6.999525
11,-60,-75,-67.5,"S",0.07,0,1
12,-75,-90,-82.5,"S",NA,NA,NA
