"bin","max","min","mid","hemisphere","mean_richness","CI.Lower","CI.Upper"
1,90,75,82.5,"N",0.32,0,2
2,75,60,67.5,"N",0.05,0,1
3,60,45,52.5,"N",24.64294,19.86895,28.8478
4,45,30,37.5,"N",24.41804,19.5561,28.7678
5,30,15,22.5,"N",1.1,0,3
6,15,0,7.5,"N",0.65,0,2
7,0,-15,-7.5,"S",1.19998,0,3
8,-15,-30,-22.5,"S",1.38997,0,4
9,-30,-45,-37.5,"S",10.89332,6.4275,16.095775
10,-45,-60,-52.5,"S",0.47,0,2
11,-60,-75,-67.5,"S",NA,NA,NA
12,-75,-90,-82.5,"S",NA,NA,NA
