"bin","max","min","mid","hemisphere","mean_richness","CI.Lower","CI.Upper"
1,90,75,82.5,"N",0.11,0,1
2,75,60,67.5,"N",0.35,0,2
3,60,45,52.5,"N",26.005,21.38075,29.5302
4,45,30,37.5,"N",12.19879,5.99695,19.759475
5,30,15,22.5,"N",4.29636,1,8.48077499999999
6,15,0,7.5,"N",0.03,0,0.524999999999991
7,0,-15,-7.5,"S",0.88,0,3
8,-15,-30,-22.5,"S",0.55,0,2
9,-30,-45,-37.5,"S",3.90423,0,7.961225
10,-45,-60,-52.5,"S",NA,NA,NA
11,-60,-75,-67.5,"S",NA,NA,NA
12,-75,-90,-82.5,"S",NA,NA,NA
