"bin","max","min","mid","hemisphere","mean_richness","CI.Lower","CI.Upper"
1,90,75,82.5,"N",0.36,0,2
2,75,60,67.5,"N",NA,NA,NA
3,60,45,52.5,"N",29.04588,25.325625,32.189725
4,45,30,37.5,"N",12.63354,7.41255,18.338825
5,30,15,22.5,"N",5.35455,1.475,9.9571
6,15,0,7.5,"N",NA,NA,NA
7,0,-15,-7.5,"S",2.38745,0,5.99115
8,-15,-30,-22.5,"S",1.42971,0,4
9,-30,-45,-37.5,"S",7.19522,3,11.935575
10,-45,-60,-52.5,"S",NA,NA,NA
11,-60,-75,-67.5,"S",NA,NA,NA
12,-75,-90,-82.5,"S",0.02,0,0
