"bin","max","min","mid","hemisphere","mean_richness","CI.Lower","CI.Upper"
1,90,75,82.5,"N",NA,NA,NA
2,75,60,67.5,"N",6.03041,2,10.89295
3,60,45,52.5,"N",9.36155,4,15.589225
4,45,30,37.5,"N",25.39394,21.4313,29.2257
5,30,15,22.5,"N",12.05093,5.46835,18.284525
6,15,0,7.5,"N",0.25,0,1
7,0,-15,-7.5,"S",0.58,0,2
8,-15,-30,-22.5,"S",4.04612,1,8.48999999999999
9,-30,-45,-37.5,"S",4.52969,1,9.95797499999998
10,-45,-60,-52.5,"S",NA,NA,NA
11,-60,-75,-67.5,"S",1.4,0,4
12,-75,-90,-82.5,"S",NA,NA,NA
