"bin","max","min","mid","hemisphere","mean_richness","CI.Lower","CI.Upper"
1,90,75,82.5,"N",NA,NA,NA
2,75,60,67.5,"N",NA,NA,NA
3,60,45,52.5,"N",NA,NA,NA
4,45,30,37.5,"N",24.89541,20.840575,27.94785
5,30,15,22.5,"N",5.70332,1.475,10.316
6,15,0,7.5,"N",0.2,0,1
7,0,-15,-7.5,"S",0.67997,0,2.52342499999999
8,-15,-30,-22.5,"S",NA,NA,NA
9,-30,-45,-37.5,"S",24.29215,17.862525,29.195875
10,-45,-60,-52.5,"S",4.97296,1,8.96305
11,-60,-75,-67.5,"S",6.1935,3,10.841
12,-75,-90,-82.5,"S",NA,NA,NA
