"bin","max","min","mid","hemisphere","mean_richness","CI.Lower","CI.Upper"
1,90,75,82.5,"N",0.07,0,1
2,75,60,67.5,"N",1.58,0,4
3,60,45,52.5,"N",8.23548,3.475,13.61175
4,45,30,37.5,"N",31.16912,27.942975,34.368075
5,30,15,22.5,"N",1.60999,0,4
6,15,0,7.5,"N",0.49,0,2
7,0,-15,-7.5,"S",0.38,0,2
8,-15,-30,-22.5,"S",2.05988,0,5
9,-30,-45,-37.5,"S",18.64978,13.1307,24.365375
10,-45,-60,-52.5,"S",8.96403,3.475,15.175825
11,-60,-75,-67.5,"S",3.1998,1,6.52132499999999
12,-75,-90,-82.5,"S",NA,NA,NA
