"bin","max","min","mid","hemisphere","mean_richness","CI.Lower","CI.Upper"
1,90,75,82.5,"N",NA,NA,NA
2,75,60,67.5,"N",NA,NA,NA
3,60,45,52.5,"N",NA,NA,NA
4,45,30,37.5,"N",26.96975,23.37085,30.2912
5,30,15,22.5,"N",8.19477,3.9937,12.425975
6,15,0,7.5,"N",0.65999,0,2
7,0,-15,-7.5,"S",1.68944,0,4
8,-15,-30,-22.5,"S",2.21967,0,5.999525
9,-30,-45,-37.5,"S",27.55464,22.754675,31.368775
10,-45,-60,-52.5,"S",4.74508,2,7.967525
11,-60,-75,-67.5,"S",2.5298,0,6
12,-75,-90,-82.5,"S",NA,NA,NA
