"bin","max","min","mid","hemisphere","mean_richness","CI.Lower","CI.Upper"
1,90,75,82.5,"N",NA,NA,NA
2,75,60,67.5,"N",1.86,0,4.52499999999999
3,60,45,52.5,"N",16.76278,9.928425,22.10525
4,45,30,37.5,"N",23.94955,19.6166,27.70635
5,30,15,22.5,"N",16.26942,10.381175,20.69935
6,15,0,7.5,"N",0.17,0,1
7,0,-15,-7.5,"S",0.28,0,1
8,-15,-30,-22.5,"S",0.2,0,1
9,-30,-45,-37.5,"S",NA,NA,NA
10,-45,-60,-52.5,"S",NA,NA,NA
11,-60,-75,-67.5,"S",NA,NA,NA
12,-75,-90,-82.5,"S",NA,NA,NA
