"bin","max","min","mid","hemisphere","mean_richness","CI.Lower","CI.Upper"
1,90,75,82.5,"N",0.17,0,1
2,75,60,67.5,"N",3.60822,0.475,7.991625
3,60,45,52.5,"N",25.26001,20.2433,30.17745
4,45,30,37.5,"N",26.57265,21.980975,30.7557
5,30,15,22.5,"N",16.93744,9.40665,22.45355
6,15,0,7.5,"N",0.9,0,3
7,0,-15,-7.5,"S",0.24,0,2
8,-15,-30,-22.5,"S",1.46,0,4
9,-30,-45,-37.5,"S",1.07,0,3
10,-45,-60,-52.5,"S",NA,NA,NA
11,-60,-75,-67.5,"S",0.37,0,2
12,-75,-90,-82.5,"S",NA,NA,NA
