"bin","max","min","mid","hemisphere","mean_richness","CI.Lower","CI.Upper"
1,90,75,82.5,"N",NA,NA,NA
2,75,60,67.5,"N",2.65984,0,6
3,60,45,52.5,"N",23.27561,18.937475,27.562725
4,45,30,37.5,"N",28.49992,24.95425,31.545925
5,30,15,22.5,"N",20.05966,15.999525,24.2129
6,15,0,7.5,"N",0.13,0,1
7,0,-15,-7.5,"S",0.91,0,3
8,-15,-30,-22.5,"S",1.44,0,4
9,-30,-45,-37.5,"S",NA,NA,NA
10,-45,-60,-52.5,"S",NA,NA,NA
11,-60,-75,-67.5,"S",NA,NA,NA
12,-75,-90,-82.5,"S",NA,NA,NA
