"bin","max","min","mid","hemisphere","mean_richness","CI.Lower","CI.Upper"
1,90,75,82.5,"N",NA,NA,NA
2,75,60,67.5,"N",NA,NA,NA
3,60,45,52.5,"N",21.7977,15.31375,26.661
4,45,30,37.5,"N",38.0403,36.39475,39.44675
5,30,15,22.5,"N",4.3265,1,8.96525
6,15,0,7.5,"N",0.16,0,1
7,0,-15,-7.5,"S",0.05,0,1
8,-15,-30,-22.5,"S",2.2398,0,5.51974999999999
9,-30,-45,-37.5,"S",22.2435,16.67175,26.831
10,-45,-60,-52.5,"S",6.3213,2,10.4425
11,-60,-75,-67.5,"S",NA,NA,NA
12,-75,-90,-82.5,"S",NA,NA,NA
