"bin","max","min","mid","hemisphere","mean_richness","CI.Lower","CI.Upper"
1,90,75,82.5,"N",NA,NA,NA
2,75,60,67.5,"N",0.4,0,2
3,60,45,52.5,"N",5.84973,1,11.8102
4,45,30,37.5,"N",31.04502,28.60615,33.58615
5,30,15,22.5,"N",2.30966,0,5.52447499999999
6,15,0,7.5,"N",0.07,0,1
7,0,-15,-7.5,"S",0.07,0,1
8,-15,-30,-22.5,"S",NA,NA,NA
9,-30,-45,-37.5,"S",10.64552,5.997,16.033425
10,-45,-60,-52.5,"S",2.90982,0,6.99405
11,-60,-75,-67.5,"S",NA,NA,NA
12,-75,-90,-82.5,"S",NA,NA,NA
