"bin","max","min","mid","hemisphere","mean_richness","CI.Lower","CI.Upper"
1,90,75,82.5,"N",NA,NA,NA
2,75,60,67.5,"N",NA,NA,NA
3,60,45,52.5,"N",3.3798,1,6
4,45,30,37.5,"N",31.36764,27.480525,33.693825
5,30,15,22.5,"N",2.00997,0,5
6,15,0,7.5,"N",0.02,0,0
7,0,-15,-7.5,"S",0.03,0,0.524999999999991
8,-15,-30,-22.5,"S",0.47,0,2.52499999999999
9,-30,-45,-37.5,"S",8.61434,4.475,13.237575
10,-45,-60,-52.5,"S",4.00841,1,8.50454999999999
11,-60,-75,-67.5,"S",NA,NA,NA
12,-75,-90,-82.5,"S",NA,NA,NA
