"bin","max","min","mid","hemisphere","mean_richness","CI.Lower","CI.Upper"
1,90,75,82.5,"N",NA,NA,NA
2,75,60,67.5,"N",NA,NA,NA
3,60,45,52.5,"N",15.78877,8.900375,22.0398
4,45,30,37.5,"N",38.0648,35.876575,40.148725
5,30,15,22.5,"N",1.33999,0,3.52499999999999
6,15,0,7.5,"N",0.04,0,1
7,0,-15,-7.5,"S",0.12,0,1
8,-15,-30,-22.5,"S",NA,NA,NA
9,-30,-45,-37.5,"S",13.90272,8.973,20.219625
10,-45,-60,-52.5,"S",20.07875,14.321725,25.0535
11,-60,-75,-67.5,"S",NA,NA,NA
12,-75,-90,-82.5,"S",NA,NA,NA
