"bin","max","min","mid","hemisphere","mean_richness","CI.Lower","CI.Upper"
1,90,75,82.5,"N",NA,NA,NA
2,75,60,67.5,"N",NA,NA,NA
3,60,45,52.5,"N",10.1773,4.473575,16.86655
4,45,30,37.5,"N",35.43339,33.2957,37.22435
5,30,15,22.5,"N",0.76,0,2
6,15,0,7.5,"N",0.02,0,0
7,0,-15,-7.5,"S",0.05,0,1
8,-15,-30,-22.5,"S",NA,NA,NA
9,-30,-45,-37.5,"S",6.06869,1.475,10.907775
10,-45,-60,-52.5,"S",12.31919,6.4511,18.037125
11,-60,-75,-67.5,"S",NA,NA,NA
12,-75,-90,-82.5,"S",NA,NA,NA
