"bin","max","min","mid","hemisphere","mean_richness","CI.Lower","CI.Upper"
1,90,75,82.5,"N",NA,NA,NA
2,75,60,67.5,"N",0.46,0,2
3,60,45,52.5,"N",26.2112,21.35925,30.01825
4,45,30,37.5,"N",33.7036,30.837,36.33825
5,30,15,22.5,"N",17.0288,9.91125,22.63825
6,15,0,7.5,"N",1.03,0,3
7,0,-15,-7.5,"S",0.08,0,1
8,-15,-30,-22.5,"S",NA,NA,NA
9,-30,-45,-37.5,"S",2.05,0,4.52499999999999
10,-45,-60,-52.5,"S",3.3892,1,7
11,-60,-75,-67.5,"S",0.86,0,2
12,-75,-90,-82.5,"S",NA,NA,NA
