"bin","max","min","mid","hemisphere","mean_richness","CI.Lower","CI.Upper"
1,90,75,82.5,"N",NA,NA,NA
2,75,60,67.5,"N",NA,NA,NA
3,60,45,52.5,"N",6.01054,2.475,10.905675
4,45,30,37.5,"N",33.54973,30.3235,36.224675
5,30,15,22.5,"N",5.39438,1,9.903725
6,15,0,7.5,"N",0.84,0,2.52499999999999
7,0,-15,-7.5,"S",0.04,0,1
8,-15,-30,-22.5,"S",0.05,0,1
9,-30,-45,-37.5,"S",1.07,0,4
10,-45,-60,-52.5,"S",0.24,0,1.52499999999999
11,-60,-75,-67.5,"S",0.6,0,2
12,-75,-90,-82.5,"S",NA,NA,NA
