"bin","max","min","mid","hemisphere","mean_richness","CI.Lower","CI.Upper"
1,90,75,82.5,"N",NA,NA,NA
2,75,60,67.5,"N",NA,NA,NA
3,60,45,52.5,"N",4.81778,2,8.97805
4,45,30,37.5,"N",31.78893,28.349675,34.8338
5,30,15,22.5,"N",3.43951,0,6.99905
6,15,0,7.5,"N",0.1,0,1
7,0,-15,-7.5,"S",0.06,0,1
8,-15,-30,-22.5,"S",0.42,0,2
9,-30,-45,-37.5,"S",8.39145,3,14.959925
10,-45,-60,-52.5,"S",3.66945,1,6.998
11,-60,-75,-67.5,"S",1.11,0,3.52499999999999
12,-75,-90,-82.5,"S",NA,NA,NA
