"bin","max","min","mid","hemisphere","mean_richness","CI.Lower","CI.Upper"
1,90,75,82.5,"N",NA,NA,NA
2,75,60,67.5,"N",NA,NA,NA
3,60,45,52.5,"N",14.6144,8.45075,20.5815
4,45,30,37.5,"N",37.8139,36.12425,39.74975
5,30,15,22.5,"N",9.8223,5,15.176
6,15,0,7.5,"N",0.45,0,2
7,0,-15,-7.5,"S",0.12,0,1
8,-15,-30,-22.5,"S",NA,NA,NA
9,-30,-45,-37.5,"S",22.3845,16.55425,27.3345
10,-45,-60,-52.5,"S",NA,NA,NA
11,-60,-75,-67.5,"S",1.49,0,4
12,-75,-90,-82.5,"S",NA,NA,NA
