"bin","max","min","mid","hemisphere","mean_richness","CI.Lower","CI.Upper"
1,90,75,82.5,"N",0.27,0,1.52499999999999
2,75,60,67.5,"N",1.1099,0,3.52079999999999
3,60,45,52.5,"N",23.45217,18.81645,27.808975
4,45,30,37.5,"N",26.25289,20.582625,29.967125
5,30,15,22.5,"N",18.80338,13.805375,24.168925
6,15,0,7.5,"N",0.81,0,2
7,0,-15,-7.5,"S",0.19,0,1
8,-15,-30,-22.5,"S",1.07,0,3
9,-30,-45,-37.5,"S",0.39,0,2
10,-45,-60,-52.5,"S",NA,NA,NA
11,-60,-75,-67.5,"S",0.46,0,2
12,-75,-90,-82.5,"S",0.36,0,2
