"bin","max","min","mid","hemisphere","mean_richness","CI.Lower","CI.Upper"
1,90,75,82.5,"N",0.01,0,0
2,75,60,67.5,"N",1.36,0,4
3,60,45,52.5,"N",24.58427,20.815675,28.810975
4,45,30,37.5,"N",19.47463,13.141275,24.19995
5,30,15,22.5,"N",11.27901,4.99895,17.0396
6,15,0,7.5,"N",0.47,0,2
7,0,-15,-7.5,"S",0.14,0,1
8,-15,-30,-22.5,"S",0.33,0,2
9,-30,-45,-37.5,"S",NA,NA,NA
10,-45,-60,-52.5,"S",NA,NA,NA
11,-60,-75,-67.5,"S",0.2,0,1
12,-75,-90,-82.5,"S",NA,NA,NA
