"bin","max","min","mid","hemisphere","mean_richness","CI.Lower","CI.Upper"
1,90,75,82.5,"N",NA,NA,NA
2,75,60,67.5,"N",3.70859,1,6.996575
3,60,45,52.5,"N",31.04545,26.62555,34.1508
4,45,30,37.5,"N",29.90591,26.1828,33.065075
5,30,15,22.5,"N",15.73447,9.868375,20.617425
6,15,0,7.5,"N",1.17,0,4
7,0,-15,-7.5,"S",0.42,0,2
8,-15,-30,-22.5,"S",0.6,0,2.52499999999999
9,-30,-45,-37.5,"S",NA,NA,NA
10,-45,-60,-52.5,"S",NA,NA,NA
11,-60,-75,-67.5,"S",0.33,0,2
12,-75,-90,-82.5,"S",NA,NA,NA
