"bin","max","min","mid","hemisphere","mean_richness","CI.Lower","CI.Upper"
1,90,75,82.5,"N",0.07,0,1
2,75,60,67.5,"N",NA,NA,NA
3,60,45,52.5,"N",17.82379,11.819125,22.4768
4,45,30,37.5,"N",23.6022,19.3612,27.50325
5,30,15,22.5,"N",2.35979,0,5
6,15,0,7.5,"N",0.74,0,2.52499999999999
7,0,-15,-7.5,"S",0.29,0,2
8,-15,-30,-22.5,"S",1.82,0,4
9,-30,-45,-37.5,"S",3.68938,1,6.98835
10,-45,-60,-52.5,"S",NA,NA,NA
11,-60,-75,-67.5,"S",NA,NA,NA
12,-75,-90,-82.5,"S",0.01,0,0
