"bin","max","min","mid","hemisphere","mean_richness","CI.Lower","CI.Upper"
1,90,75,82.5,"N",0.1,0,1
2,75,60,67.5,"N",0.55,0,2
3,60,45,52.5,"N",28.60562,23.959625,32.974575
4,45,30,37.5,"N",23.57944,18.813425,28.5003
5,30,15,22.5,"N",3.83802,0.475,7.977625
6,15,0,7.5,"N",0.84,0,3
7,0,-15,-7.5,"S",0.08,0,1
8,-15,-30,-22.5,"S",3.19976,0.475,6
9,-30,-45,-37.5,"S",5.32371,1,10.434375
10,-45,-60,-52.5,"S",NA,NA,NA
11,-60,-75,-67.5,"S",NA,NA,NA
12,-75,-90,-82.5,"S",0.09,0,1
