"bin","max","min","mid","hemisphere","mean_richness","CI.Lower","CI.Upper"
1,90,75,82.5,"N",0.06,0,1
2,75,60,67.5,"N",NA,NA,NA
3,60,45,52.5,"N",14.75642,9.92605,19.983825
4,45,30,37.5,"N",24.79844,19.2933,29.26385
5,30,15,22.5,"N",6.61737,2,12.662825
6,15,0,7.5,"N",0.24,0,2
7,0,-15,-7.5,"S",0.36,0,2
8,-15,-30,-22.5,"S",4.90156,1,9.949675
9,-30,-45,-37.5,"S",6.98306,2,13.1518
10,-45,-60,-52.5,"S",4.00686,0.475,8.49924999999999
11,-60,-75,-67.5,"S",NA,NA,NA
12,-75,-90,-82.5,"S",0.02,0,0
