"bin","max","min","mid","hemisphere","mean_richness","CI.Lower","CI.Upper"
1,90,75,82.5,"N",NA,NA,NA
2,75,60,67.5,"N",3.27866,1,6.52184999999999
3,60,45,52.5,"N",1.33,0,4
4,45,30,37.5,"N",24.1952,20.295225,28.1584
5,30,15,22.5,"N",12.45577,6.9939,17.437325
6,15,0,7.5,"N",0.36,0,2
7,0,-15,-7.5,"S",0.43,0,2
8,-15,-30,-22.5,"S",3.63695,1,6.987
9,-30,-45,-37.5,"S",3.23956,0,7.51879999999999
10,-45,-60,-52.5,"S",NA,NA,NA
11,-60,-75,-67.5,"S",NA,NA,NA
12,-75,-90,-82.5,"S",NA,NA,NA
