"bin","max","min","mid","hemisphere","mean_richness","CI.Lower","CI.Upper"
1,90,75,82.5,"N",0.07,0,1
2,75,60,67.5,"N",NA,NA,NA
3,60,45,52.5,"N",23.0173,16.046,27.631
4,45,30,37.5,"N",33.0134,29.3065,35.64725
5,30,15,22.5,"N",11.864,6,17.42325
6,15,0,7.5,"N",0.55,0,2
7,0,-15,-7.5,"S",0.78,0,3
8,-15,-30,-22.5,"S",10.0487,4,14.2415
9,-30,-45,-37.5,"S",16.9876,10.3955,21.82075
10,-45,-60,-52.5,"S",7.9378,3,12.72875
11,-60,-75,-67.5,"S",NA,NA,NA
12,-75,-90,-82.5,"S",0.01,0,0
