"bin","max","min","mid","hemisphere","mean_richness","CI.Lower","CI.Upper"
1,90,75,82.5,"N",NA,NA,NA
2,75,60,67.5,"N",4.36379,1,8.945775
3,60,45,52.5,"N",4.00351,1,8.47697499999999
4,45,30,37.5,"N",28.79358,25.6541,31.4186
5,30,15,22.5,"N",17.52597,11.0576,23.0623
6,15,0,7.5,"N",0.61,0,2
7,0,-15,-7.5,"S",1,0,3
8,-15,-30,-22.5,"S",7.01925,3,11.698525
9,-30,-45,-37.5,"S",12.16071,6.980425,16.94095
10,-45,-60,-52.5,"S",NA,NA,NA
11,-60,-75,-67.5,"S",NA,NA,NA
12,-75,-90,-82.5,"S",NA,NA,NA
