"bin","max","min","mid","hemisphere","mean_richness","CI.Lower","CI.Upper"
1,90,75,82.5,"N",NA,NA,NA
2,75,60,67.5,"N",0.89,0,3
3,60,45,52.5,"N",18.18326,12.24435,24.49295
4,45,30,37.5,"N",32.56069,27.7374,35.28075
5,30,15,22.5,"N",9.26661,4,14.381675
6,15,0,7.5,"N",0.16,0,1
7,0,-15,-7.5,"S",0.03,0,0.524999999999991
8,-15,-30,-22.5,"S",NA,NA,NA
9,-30,-45,-37.5,"S",14.30965,7.47115,20.154225
10,-45,-60,-52.5,"S",0.71,0,2.52499999999999
11,-60,-75,-67.5,"S",NA,NA,NA
12,-75,-90,-82.5,"S",NA,NA,NA
