"bin","max","min","mid","hemisphere","mean_richness","CI.Lower","CI.Upper"
1,90,75,82.5,"N",NA,NA,NA
2,75,60,67.5,"N",0.85,0,3
3,60,45,52.5,"N",28.89559,25.30615,32.3469
4,45,30,37.5,"N",38.2372,36.603025,39.77235
5,30,15,22.5,"N",21.75892,16.182725,25.903475
6,15,0,7.5,"N",0.03,0,0.524999999999991
7,0,-15,-7.5,"S",NA,NA,NA
8,-15,-30,-22.5,"S",1.11,0,4
9,-30,-45,-37.5,"S",NA,NA,NA
10,-45,-60,-52.5,"S",NA,NA,NA
11,-60,-75,-67.5,"S",NA,NA,NA
12,-75,-90,-82.5,"S",NA,NA,NA
