"bin","max","min","mid","hemisphere","mean_richness","CI.Lower","CI.Upper"
1,90,75,82.5,"N",NA,NA,NA
2,75,60,67.5,"N",1.49999,0,4.999525
3,60,45,52.5,"N",31.12514,27.522975,34.6679
4,45,30,37.5,"N",40.41237,39.142975,41.446875
5,30,15,22.5,"N",24.56922,20.55,28.58195
6,15,0,7.5,"N",0.08,0,1
7,0,-15,-7.5,"S",NA,NA,NA
8,-15,-30,-22.5,"S",2.25997,0,5
9,-30,-45,-37.5,"S",NA,NA,NA
10,-45,-60,-52.5,"S",NA,NA,NA
11,-60,-75,-67.5,"S",NA,NA,NA
12,-75,-90,-82.5,"S",NA,NA,NA
