"bin","max","min","mid","hemisphere","mean_richness","CI.Lower","CI.Upper"
1,90,75,82.5,"N",NA,NA,NA
2,75,60,67.5,"N",NA,NA,NA
3,60,45,52.5,"N",27.02732,22.99575,31.097325
4,45,30,37.5,"N",37.15098,35.2997,38.535775
5,30,15,22.5,"N",5.19868,1,9.947525
6,15,0,7.5,"N",0.32,0,2
7,0,-15,-7.5,"S",0.18,0,1
8,-15,-30,-22.5,"S",NA,NA,NA
9,-30,-45,-37.5,"S",2.86982,0,6.99805
10,-45,-60,-52.5,"S",22.86732,18.305375,27.14335
11,-60,-75,-67.5,"S",0.34,0,2
12,-75,-90,-82.5,"S",NA,NA,NA
