"bin","max","min","mid","hemisphere","mean_richness","CI.Lower","CI.Upper"
1,90,75,82.5,"N",NA,NA,NA
2,75,60,67.5,"N",0.7,0,3
3,60,45,52.5,"N",36.7627,34.02375,38.8725
4,45,30,37.5,"N",37.3939,34.90025,39.39175
5,30,15,22.5,"N",12.5408,6.98,18.5515
6,15,0,7.5,"N",0.98,0,3
7,0,-15,-7.5,"S",0.01,0,0
8,-15,-30,-22.5,"S",0.32,0,2
9,-30,-45,-37.5,"S",5.9414,2,9.9705
10,-45,-60,-52.5,"S",28.6167,24.64275,31.924
11,-60,-75,-67.5,"S",0.92,0,3
12,-75,-90,-82.5,"S",NA,NA,NA
