"bin","max","min","mid","hemisphere","mean_richness","CI.Lower","CI.Upper"
1,90,75,82.5,"N",NA,NA,NA
2,75,60,67.5,"N",NA,NA,NA
3,60,45,52.5,"N",29.78624,25.219625,32.911125
4,45,30,37.5,"N",33.01576,29.84955,35.715425
5,30,15,22.5,"N",7.92781,3,14.496
6,15,0,7.5,"N",0.34,0,1
7,0,-15,-7.5,"S",NA,NA,NA
8,-15,-30,-22.5,"S",0.06,0,1
9,-30,-45,-37.5,"S",2.69972,0,5.99805
10,-45,-60,-52.5,"S",20.3101,14.64865,25.401725
11,-60,-75,-67.5,"S",0.37,0,2
12,-75,-90,-82.5,"S",NA,NA,NA
