"bin","max","min","mid","hemisphere","mean_richness","CI.Lower","CI.Upper"
1,90,75,82.5,"N",NA,NA,NA
2,75,60,67.5,"N",3.07977,0,6.996525
3,60,45,52.5,"N",25.39109,20.697825,29.98995
4,45,30,37.5,"N",39.54555,38.0213,40.979575
5,30,15,22.5,"N",1.18,0,3
6,15,0,7.5,"N",0.45,0,3
7,0,-15,-7.5,"S",NA,NA,NA
8,-15,-30,-22.5,"S",NA,NA,NA
9,-30,-45,-37.5,"S",6.53378,2,11.385025
10,-45,-60,-52.5,"S",17.45162,11.707,23.63685
11,-60,-75,-67.5,"S",NA,NA,NA
12,-75,-90,-82.5,"S",NA,NA,NA
