"bin","max","min","mid","hemisphere","mean_richness","CI.Lower","CI.Upper"
1,90,75,82.5,"N",NA,NA,NA
2,75,60,67.5,"N",1.25999,0,4
3,60,45,52.5,"N",31.09734,26.45515,34.3272
4,45,30,37.5,"N",30.25062,26.94545,33.072475
5,30,15,22.5,"N",6.1194,2,10.909775
6,15,0,7.5,"N",0.15,0,1
7,0,-15,-7.5,"S",NA,NA,NA
8,-15,-30,-22.5,"S",1.75992,0,5.52394999999999
9,-30,-45,-37.5,"S",NA,NA,NA
10,-45,-60,-52.5,"S",NA,NA,NA
11,-60,-75,-67.5,"S",0.64,0,3
12,-75,-90,-82.5,"S",NA,NA,NA
