"bin","max","min","mid","hemisphere","mean_richness","CI.Lower","CI.Upper"
1,90,75,82.5,"N",NA,NA,NA
2,75,60,67.5,"N",2.11999,0,5
3,60,45,52.5,"N",NA,NA,NA
4,45,30,37.5,"N",33.14274,30.43745,35.7529
5,30,15,22.5,"N",17.6028,11.72465,21.80945
6,15,0,7.5,"N",0.73,0,2
7,0,-15,-7.5,"S",0.15,0,1
8,-15,-30,-22.5,"S",1.19,0,4
9,-30,-45,-37.5,"S",NA,NA,NA
10,-45,-60,-52.5,"S",6.15895,2,11.30515
11,-60,-75,-67.5,"S",5.23632,2,8.889225
12,-75,-90,-82.5,"S",NA,NA,NA
