"bin","max","min","mid","hemisphere","mean_richness","CI.Lower","CI.Upper"
1,90,75,82.5,"N",NA,NA,NA
2,75,60,67.5,"N",2.13964,0,5.51082499999999
3,60,45,52.5,"N",1.69999,0,4.52499999999999
4,45,30,37.5,"N",30.89121,27.5982,33.8498
5,30,15,22.5,"N",14.30307,7.954675,20.340575
6,15,0,7.5,"N",0.27,0,1
7,0,-15,-7.5,"S",NA,NA,NA
8,-15,-30,-22.5,"S",1.44999,0,4
9,-30,-45,-37.5,"S",NA,NA,NA
10,-45,-60,-52.5,"S",NA,NA,NA
11,-60,-75,-67.5,"S",0.24,0,1.52499999999999
12,-75,-90,-82.5,"S",NA,NA,NA
