"bin","max","min","mid","hemisphere","mean_richness","CI.Lower","CI.Upper"
1,90,75,82.5,"N",NA,NA,NA
2,75,60,67.5,"N",0.46,0,2
3,60,45,52.5,"N",5.33634,1,8.980625
4,45,30,37.5,"N",32.64778,29.8854,35.083775
5,30,15,22.5,"N",11.80031,6.3733,16.9738
6,15,0,7.5,"N",0.74,0,2
7,0,-15,-7.5,"S",0.97,0,3
8,-15,-30,-22.5,"S",9.25098,3.99895,15.75785
9,-30,-45,-37.5,"S",12.52633,5.99695,18.59195
10,-45,-60,-52.5,"S",NA,NA,NA
11,-60,-75,-67.5,"S",1.75923,0,4.51082499999999
12,-75,-90,-82.5,"S",NA,NA,NA
