"bin","max","min","mid","hemisphere","mean_richness","CI.Lower","CI.Upper"
1,90,75,82.5,"N",NA,NA,NA
2,75,60,67.5,"N",0.25,0,1
3,60,45,52.5,"N",NA,NA,NA
4,45,30,37.5,"N",29.64262,26.488225,32.424275
5,30,15,22.5,"N",7.16152,3,12.18455
6,15,0,7.5,"N",0.22,0,1
7,0,-15,-7.5,"S",0.44,0,2
8,-15,-30,-22.5,"S",3.84773,1,7.50892499999999
9,-30,-45,-37.5,"S",6.50668,2.475,10.812625
10,-45,-60,-52.5,"S",NA,NA,NA
11,-60,-75,-67.5,"S",0.84,0,3
12,-75,-90,-82.5,"S",NA,NA,NA
