"bin","max","min","mid","hemisphere","mean_richness","CI.Lower","CI.Upper"
1,90,75,82.5,"N",NA,NA,NA
2,75,60,67.5,"N",2.9997,0,7
3,60,45,52.5,"N",33.8834,31.007,36.76025
4,45,30,37.5,"N",38.9732,37.303,40.582
5,30,15,22.5,"N",16.4317,10.81425,22.1475
6,15,0,7.5,"N",0.93,0,3
7,0,-15,-7.5,"S",0.11,0,1
8,-15,-30,-22.5,"S",1.1,0,3
9,-30,-45,-37.5,"S",NA,NA,NA
10,-45,-60,-52.5,"S",22.2171,17.05025,27.03775
11,-60,-75,-67.5,"S",NA,NA,NA
12,-75,-90,-82.5,"S",NA,NA,NA
