"bin","max","min","mid","hemisphere","mean_richness","CI.Lower","CI.Upper"
1,90,75,82.5,"N",NA,NA,NA
2,75,60,67.5,"N",3.90698,1,8.9782
3,60,45,52.5,"N",27.83075,24.606775,30.906075
4,45,30,37.5,"N",38.79304,37.26125,39.98045
5,30,15,22.5,"N",4.98396,1,9.45709999999999
6,15,0,7.5,"N",0.23,0,1
7,0,-15,-7.5,"S",NA,NA,NA
8,-15,-30,-22.5,"S",NA,NA,NA
9,-30,-45,-37.5,"S",NA,NA,NA
10,-45,-60,-52.5,"S",10.18602,4.474525,16.7407
11,-60,-75,-67.5,"S",NA,NA,NA
12,-75,-90,-82.5,"S",NA,NA,NA
