"bin","max","min","mid","hemisphere","mean_richness","CI.Lower","CI.Upper"
1,90,75,82.5,"N",NA,NA,NA
2,75,60,67.5,"N",0.3,0,2
3,60,45,52.5,"N",25.49272,20.4642,28.930625
4,45,30,37.5,"N",35.74911,33.677525,37.9742
5,30,15,22.5,"N",4.70332,1,9.8841
6,15,0,7.5,"N",0.36,0,2
7,0,-15,-7.5,"S",0.01,0,0
8,-15,-30,-22.5,"S",NA,NA,NA
9,-30,-45,-37.5,"S",1.01,0,3
10,-45,-60,-52.5,"S",9.665,4.999475,14.459525
11,-60,-75,-67.5,"S",NA,NA,NA
12,-75,-90,-82.5,"S",NA,NA,NA
