"bin","max","min","mid","hemisphere","mean_richness","CI.Lower","CI.Upper"
1,90,75,82.5,"N",NA,NA,NA
2,75,60,67.5,"N",0.64,0,2.52499999999999
3,60,45,52.5,"N",24.123,18.28185,28.689525
4,45,30,37.5,"N",36.81434,34.9528,38.405975
5,30,15,22.5,"N",2.68993,0,5.99805
6,15,0,7.5,"N",0.13,0,1
7,0,-15,-7.5,"S",NA,NA,NA
8,-15,-30,-22.5,"S",NA,NA,NA
9,-30,-45,-37.5,"S",NA,NA,NA
10,-45,-60,-52.5,"S",6.46144,2.475,11.391675
11,-60,-75,-67.5,"S",NA,NA,NA
12,-75,-90,-82.5,"S",NA,NA,NA
