"bin","max","min","mid","hemisphere","mean_richness","CI.Lower","CI.Upper"
1,90,75,82.5,"N",NA,NA,NA
2,75,60,67.5,"N",0.34,0,1
3,60,45,52.5,"N",27.93909,23.537575,31.044225
4,45,30,37.5,"N",33.04009,28.985225,35.818625
5,30,15,22.5,"N",9.5186,5.9939,15.233575
6,15,0,7.5,"N",0.28,0,1.52499999999999
7,0,-15,-7.5,"S",NA,NA,NA
8,-15,-30,-22.5,"S",NA,NA,NA
9,-30,-45,-37.5,"S",NA,NA,NA
10,-45,-60,-52.5,"S",11.46946,5.471475,17.243525
11,-60,-75,-67.5,"S",NA,NA,NA
12,-75,-90,-82.5,"S",NA,NA,NA
