"bin","max","min","mid","hemisphere","mean_richness","CI.Lower","CI.Upper"
1,90,75,82.5,"N",NA,NA,NA
2,75,60,67.5,"N",1.41,0,4
3,60,45,52.5,"N",30.2194,26.191,33.60525
4,45,30,37.5,"N",38.2726,36.5355,39.97975
5,30,15,22.5,"N",7.5985,3,13.455
6,15,0,7.5,"N",0.21,0,1
7,0,-15,-7.5,"S",0.18,0,1
8,-15,-30,-22.5,"S",NA,NA,NA
9,-30,-45,-37.5,"S",2.6399,0,6.51974999999999
10,-45,-60,-52.5,"S",9.859,4.475,15.49
11,-60,-75,-67.5,"S",NA,NA,NA
12,-75,-90,-82.5,"S",NA,NA,NA
