"bin","max","min","mid","hemisphere","mean_richness","CI.Lower","CI.Upper"
1,90,75,82.5,"N",NA,NA,NA
2,75,60,67.5,"N",0.58,0,2
3,60,45,52.5,"N",25.48673,21.05085,29.44615
4,45,30,37.5,"N",33.70879,31.041175,36.278275
5,30,15,22.5,"N",4.44773,2,8.50239999999999
6,15,0,7.5,"N",0.12,0,1
7,0,-15,-7.5,"S",0.03,0,0.524999999999991
8,-15,-30,-22.5,"S",NA,NA,NA
9,-30,-45,-37.5,"S",NA,NA,NA
10,-45,-60,-52.5,"S",4.06739,1,7.992
11,-60,-75,-67.5,"S",NA,NA,NA
12,-75,-90,-82.5,"S",NA,NA,NA
