"bin","max","min","mid","hemisphere","mean_richness","CI.Lower","CI.Upper"
1,90,75,82.5,"N",NA,NA,NA
2,75,60,67.5,"N",0.26,0,1
3,60,45,52.5,"N",8.99840000000001,3.475,13.6625
4,45,30,37.5,"N",18.457,12.75425,23.821
5,30,15,22.5,"N",2.34,0,5
6,15,0,7.5,"N",0.04,0,1
7,0,-15,-7.5,"S",0.19,0,1.52499999999999
8,-15,-30,-22.5,"S",NA,NA,NA
9,-30,-45,-37.5,"S",NA,NA,NA
10,-45,-60,-52.5,"S",8.5795,3,14.342
11,-60,-75,-67.5,"S",NA,NA,NA
12,-75,-90,-82.5,"S",NA,NA,NA
