"bin","max","min","mid","hemisphere","mean_richness","CI.Lower","CI.Upper"
1,90,75,82.5,"N",NA,NA,NA
2,75,60,67.5,"N",NA,NA,NA
3,60,45,52.5,"N",28.93227,25.998275,31.89845
4,45,30,37.5,"N",38.97143,37.026025,40.5563
5,30,15,22.5,"N",1.26,0,3
6,15,0,7.5,"N",0.06,0,1
7,0,-15,-7.5,"S",0.07,0,1
8,-15,-30,-22.5,"S",0.63,0,3
9,-30,-45,-37.5,"S",7.50966,3,12.2841
10,-45,-60,-52.5,"S",10.37961,4.47405,15.18375
11,-60,-75,-67.5,"S",NA,NA,NA
12,-75,-90,-82.5,"S",NA,NA,NA
