"bin","max","min","mid","hemisphere","mean_richness","CI.Lower","CI.Upper"
1,90,75,82.5,"N",NA,NA,NA
2,75,60,67.5,"N",NA,NA,NA
3,60,45,52.5,"N",18.75163,11.803675,25.0222
4,45,30,37.5,"N",34.51666,31.764075,36.53105
5,30,15,22.5,"N",1.68998,0,4
6,15,0,7.5,"N",0.08,0,1
7,0,-15,-7.5,"S",0.04,0,1
8,-15,-30,-22.5,"S",0.08,0,1
9,-30,-45,-37.5,"S",9.23094,4.474525,14.52755
10,-45,-60,-52.5,"S",NA,NA,NA
11,-60,-75,-67.5,"S",NA,NA,NA
12,-75,-90,-82.5,"S",NA,NA,NA
