"bin","max","min","mid","hemisphere","mean_richness","CI.Lower","CI.Upper"
1,90,75,82.5,"N",NA,NA,NA
2,75,60,67.5,"N",NA,NA,NA
3,60,45,52.5,"N",20.28736,15.1188,24.98805
4,45,30,37.5,"N",36.6904,34.679975,38.582425
5,30,15,22.5,"N",1.56,0,4
6,15,0,7.5,"N",0.15,0,1.52499999999999
7,0,-15,-7.5,"S",0.14,0,1
8,-15,-30,-22.5,"S",NA,NA,NA
9,-30,-45,-37.5,"S",9.39537,4.475,14.9774
10,-45,-60,-52.5,"S",NA,NA,NA
11,-60,-75,-67.5,"S",NA,NA,NA
12,-75,-90,-82.5,"S",NA,NA,NA
