"bin","max","min","mid","hemisphere","mean_richness","CI.Lower","CI.Upper"
1,90,75,82.5,"N",NA,NA,NA
2,75,60,67.5,"N",NA,NA,NA
3,60,45,52.5,"N",31.5624,28.201075,34.075525
4,45,30,37.5,"N",40.51711,38.95705,41.647175
5,30,15,22.5,"N",3.94463,1,7.960175
6,15,0,7.5,"N",0.41,0,2
7,0,-15,-7.5,"S",0.1,0,1
8,-15,-30,-22.5,"S",2.03,0,5
9,-30,-45,-37.5,"S",17.65711,12.634725,22.9203
10,-45,-60,-52.5,"S",17.96116,12.43985,23.394425
11,-60,-75,-67.5,"S",NA,NA,NA
12,-75,-90,-82.5,"S",NA,NA,NA
