"bin","max","min","mid","hemisphere","mean_richness","CI.Lower","CI.Upper"
1,90,75,82.5,"N",NA,NA,NA
2,75,60,67.5,"N",NA,NA,NA
3,60,45,52.5,"N",33.0199,29.2165,35.72525
4,45,30,37.5,"N",39.8624,38.19325,41.3625
5,30,15,22.5,"N",3.2297,0.475,7
6,15,0,7.5,"N",0.48,0,2
7,0,-15,-7.5,"S",0.1,0,1
8,-15,-30,-22.5,"S",0.2,0,1
9,-30,-45,-37.5,"S",22.5079,17.6475,26.4785
10,-45,-60,-52.5,"S",6.7873,2,11.84675
11,-60,-75,-67.5,"S",NA,NA,NA
12,-75,-90,-82.5,"S",NA,NA,NA
