"bin","max","min","mid","hemisphere","mean_richness","CI.Lower","CI.Upper"
1,90,75,82.5,"N",NA,NA,NA
2,75,60,67.5,"N",0.4,0,2
3,60,45,52.5,"N",31.2048,27.23725,34.19025
4,45,30,37.5,"N",35.3316,33.116,37.3005
5,30,15,22.5,"N",13.5285,7.9895,18.11975
6,15,0,7.5,"N",0.1,0,1
7,0,-15,-7.5,"S",0.04,0,1
8,-15,-30,-22.5,"S",2.9899,0,7
9,-30,-45,-37.5,"S",10.141,5.47025,15.22975
10,-45,-60,-52.5,"S",4.8579,1.475,7.99525
11,-60,-75,-67.5,"S",0.28,0,1.52499999999999
12,-75,-90,-82.5,"S",0.18,0,1
