"bin","max","min","mid","hemisphere","mean_richness","CI.Lower","CI.Upper"
1,90,75,82.5,"N",0.05,0,1
2,75,60,67.5,"N",0.46,0,2
3,60,45,52.5,"N",8.82076,4,15.5713
4,45,30,37.5,"N",31.64374,27.8876,34.286725
5,30,15,22.5,"N",9.92848,4,15.27465
6,15,0,7.5,"N",0.03,0,0.524999999999991
7,0,-15,-7.5,"S",NA,NA,NA
8,-15,-30,-22.5,"S",0.63,0,2
9,-30,-45,-37.5,"S",2.37945,0,5.99615
10,-45,-60,-52.5,"S",NA,NA,NA
11,-60,-75,-67.5,"S",0.32,0,2
12,-75,-90,-82.5,"S",NA,NA,NA
