"bin","max","min","mid","hemisphere","mean_richness","CI.Lower","CI.Upper"
1,90,75,82.5,"N",0.67,0,2
2,75,60,67.5,"N",3.5983,1,7
3,60,45,52.5,"N",29.1281,24.83225,32.71775
4,45,30,37.5,"N",36.178,33.82475,37.9505
5,30,15,22.5,"N",16.448,10.79,22.50625
6,15,0,7.5,"N",0.85,0,3
7,0,-15,-7.5,"S",0.11,0,1
8,-15,-30,-22.5,"S",2.24,0,5
9,-30,-45,-37.5,"S",17.1622,10.87425,22.23425
10,-45,-60,-52.5,"S",15.884,9.8995,21.361
11,-60,-75,-67.5,"S",0.71,0,3
12,-75,-90,-82.5,"S",0.1,0,1
