"bin","max","min","mid","hemisphere","mean_richness","CI.Lower","CI.Upper"
1,90,75,82.5,"N",NA,NA,NA
2,75,60,67.5,"N",3.28697,0,6.996525
3,60,45,52.5,"N",NA,NA,NA
4,45,30,37.5,"N",37.49431,35.198225,39.13695
5,30,15,22.5,"N",23.15589,18.210775,27.5142
6,15,0,7.5,"N",0.02,0,0
7,0,-15,-7.5,"S",0.02,0,0
8,-15,-30,-22.5,"S",0.12,0,1
9,-30,-45,-37.5,"S",2.28914,0,5.999525
10,-45,-60,-52.5,"S",NA,NA,NA
11,-60,-75,-67.5,"S",NA,NA,NA
12,-75,-90,-82.5,"S",NA,NA,NA
