"bin","max","min","mid","hemisphere","mean_richness","CI.Lower","CI.Upper"
1,90,75,82.5,"N",0.02,0,0
2,75,60,67.5,"N",3.33582,0,6.99705
3,60,45,52.5,"N",11.58192,5.999,16.389125
4,45,30,37.5,"N",37.88667,36.04655,39.348425
5,30,15,22.5,"N",21.8225,16.219425,26.820225
6,15,0,7.5,"N",NA,NA,NA
7,0,-15,-7.5,"S",NA,NA,NA
8,-15,-30,-22.5,"S",2.22989,0,5
9,-30,-45,-37.5,"S",6.89531,2,11.748925
10,-45,-60,-52.5,"S",NA,NA,NA
11,-60,-75,-67.5,"S",0.01,0,0
12,-75,-90,-82.5,"S",NA,NA,NA
