"bin","max","min","mid","hemisphere","mean_richness","CI.Lower","CI.Upper"
1,90,75,82.5,"N",0.04,0,1
2,75,60,67.5,"N",3.40888,0,6.9971
3,60,45,52.5,"N",22.9809,15.278675,27.7111
4,45,30,37.5,"N",37.32904,34.980725,39.0545
5,30,15,22.5,"N",12.49539,6.99285,18.5672
6,15,0,7.5,"N",NA,NA,NA
7,0,-15,-7.5,"S",0.01,0,0
8,-15,-30,-22.5,"S",0.82,0,3
9,-30,-45,-37.5,"S",9.89908,4.475,14.923225
10,-45,-60,-52.5,"S",NA,NA,NA
11,-60,-75,-67.5,"S",NA,NA,NA
12,-75,-90,-82.5,"S",0.03,0,0.524999999999991
