"bin","max","min","mid","hemisphere","mean_richness","CI.Lower","CI.Upper"
1,90,75,82.5,"N",NA,NA,NA
2,75,60,67.5,"N",5.45924,1.475,10.766
3,60,45,52.5,"N",NA,NA,NA
4,45,30,37.5,"N",38.73504,37.237275,40.23985
5,30,15,22.5,"N",26.81216,23.391025,30.23425
6,15,0,7.5,"N",0.01,0,0
7,0,-15,-7.5,"S",0.14,0,1
8,-15,-30,-22.5,"S",0.1,0,1
9,-30,-45,-37.5,"S",8.72285,4,13.65235
10,-45,-60,-52.5,"S",NA,NA,NA
11,-60,-75,-67.5,"S",NA,NA,NA
12,-75,-90,-82.5,"S",NA,NA,NA
