"bin","max","min","mid","hemisphere","mean_richness","CI.Lower","CI.Upper"
1,90,75,82.5,"N",0.13,0,1
2,75,60,67.5,"N",5.5515,1,10.70925
3,60,45,52.5,"N",31.734,27.53425,34.552
4,45,30,37.5,"N",40.3744,39.10425,41.751
5,30,15,22.5,"N",18.0647,11.58825,23.50975
6,15,0,7.5,"N",0.01,0,0
7,0,-15,-7.5,"S",0.11,0,1
8,-15,-30,-22.5,"S",1.75,0,5
9,-30,-45,-37.5,"S",15.6346,10.0265,20.45275
10,-45,-60,-52.5,"S",NA,NA,NA
11,-60,-75,-67.5,"S",NA,NA,NA
12,-75,-90,-82.5,"S",0.04,0,1
