"bin","max","min","mid","hemisphere","mean_richness","CI.Lower","CI.Upper"
1,90,75,82.5,"N",NA,NA,NA
2,75,60,67.5,"N",NA,NA,NA
3,60,45,52.5,"N",26.9716,23.641175,30.6067
4,45,30,37.5,"N",40.59415,39.4863,41.741775
5,30,15,22.5,"N",3.3897,1,6.998
6,15,0,7.5,"N",0.55,0,2
7,0,-15,-7.5,"S",0.13,0,1
8,-15,-30,-22.5,"S",3.05897,0,6.99115
9,-30,-45,-37.5,"S",25.57373,20.0882,29.82495
10,-45,-60,-52.5,"S",NA,NA,NA
11,-60,-75,-67.5,"S",NA,NA,NA
12,-75,-90,-82.5,"S",NA,NA,NA
