"bin","max","min","mid","hemisphere","mean_richness","CI.Lower","CI.Upper"
1,90,75,82.5,"N",NA,NA,NA
2,75,60,67.5,"N",NA,NA,NA
3,60,45,52.5,"N",17.5468,11.31295,21.88355
4,45,30,37.5,"N",34.95121,32.66595,36.834675
5,30,15,22.5,"N",2.8298,0,6.52184999999999
6,15,0,7.5,"N",0.14,0,1
7,0,-15,-7.5,"S",0.01,0,0
8,-15,-30,-22.5,"S",1.98,0,5
9,-30,-45,-37.5,"S",12.9381,6.4721,18.3927
10,-45,-60,-52.5,"S",2.42998,0,5.52447499999999
11,-60,-75,-67.5,"S",NA,NA,NA
12,-75,-90,-82.5,"S",NA,NA,NA
