"bin","max","min","mid","hemisphere","mean_richness","CI.Lower","CI.Upper"
1,90,75,82.5,"N",NA,NA,NA
2,75,60,67.5,"N",NA,NA,NA
3,60,45,52.5,"N",32.2233,29.29375,34.53225
4,45,30,37.5,"N",39.9971,38.61625,41.3125
5,30,15,22.5,"N",6.3227,2,10.484
6,15,0,7.5,"N",0.65,0,2
7,0,-15,-7.5,"S",0.01,0,0
8,-15,-30,-22.5,"S",4.3675,1,8.49399999999999
9,-30,-45,-37.5,"S",25.5831,20.1755,29.86225
10,-45,-60,-52.5,"S",5.6102,2,10.45875
11,-60,-75,-67.5,"S",NA,NA,NA
12,-75,-90,-82.5,"S",NA,NA,NA
