"bin","max","min","mid","hemisphere","mean_richness","CI.Lower","CI.Upper"
1,90,75,82.5,"N",NA,NA,NA
2,75,60,67.5,"N",NA,NA,NA
3,60,45,52.5,"N",22.17524,17.778075,26.175975
4,45,30,37.5,"N",37.64135,35.705125,39.2921
5,30,15,22.5,"N",1.59,0,4
6,15,0,7.5,"N",0.1,0,1
7,0,-15,-7.5,"S",0.01,0,0
8,-15,-30,-22.5,"S",1.07,0,3
9,-30,-45,-37.5,"S",15.02187,8.9636,21.390675
10,-45,-60,-52.5,"S",NA,NA,NA
11,-60,-75,-67.5,"S",NA,NA,NA
12,-75,-90,-82.5,"S",NA,NA,NA
