"bin","max","min","mid","hemisphere","mean_richness","CI.Lower","CI.Upper"
1,90,75,82.5,"N",0.15,0,1
2,75,60,67.5,"N",NA,NA,NA
3,60,45,52.5,"N",35.2728,32.86575,37.69125
4,45,30,37.5,"N",37.858,35.58075,39.71975
5,30,15,22.5,"N",8.7822,4,13.0545
6,15,0,7.5,"N",0.08,0,1
7,0,-15,-7.5,"S",0.28,0,1.52499999999999
8,-15,-30,-22.5,"S",0.13,0,1
9,-30,-45,-37.5,"S",NA,NA,NA
10,-45,-60,-52.5,"S",2.9795,0,6.51974999999999
11,-60,-75,-67.5,"S",0.1,0,1
12,-75,-90,-82.5,"S",NA,NA,NA
