"bin","max","min","mid","hemisphere","mean_richness","CI.Lower","CI.Upper"
1,90,75,82.5,"N",0.06,0,1
2,75,60,67.5,"N",NA,NA,NA
3,60,45,52.5,"N",31.54609,27.251825,34.69015
4,45,30,37.5,"N",34.86208,32.65335,37.49505
5,30,15,22.5,"N",6.14519,2,10.898525
6,15,0,7.5,"N",NA,NA,NA
7,0,-15,-7.5,"S",0.12,0,1
8,-15,-30,-22.5,"S",0.01,0,0
9,-30,-45,-37.5,"S",NA,NA,NA
10,-45,-60,-52.5,"S",1.42999,0,4
11,-60,-75,-67.5,"S",0.05,0,1
12,-75,-90,-82.5,"S",NA,NA,NA
