"bin","max","min","mid","hemisphere","mean_richness","CI.Lower","CI.Upper"
1,90,75,82.5,"N",NA,NA,NA
2,75,60,67.5,"N",1.39,0,3.52499999999999
3,60,45,52.5,"N",33.73637,30.66665,36.612325
4,45,30,37.5,"N",36.29078,34.186975,38.007875
5,30,15,22.5,"N",5.64543,1,10.441025
6,15,0,7.5,"N",0.01,0,0
7,0,-15,-7.5,"S",0.01,0,0
8,-15,-30,-22.5,"S",NA,NA,NA
9,-30,-45,-37.5,"S",NA,NA,NA
10,-45,-60,-52.5,"S",NA,NA,NA
11,-60,-75,-67.5,"S",NA,NA,NA
12,-75,-90,-82.5,"S",NA,NA,NA
