"bin","max","min","mid","hemisphere","mean_richness","CI.Lower","CI.Upper"
1,90,75,82.5,"N",0.08,0,1
2,75,60,67.5,"N",5.95281,2,10.353025
3,60,45,52.5,"N",16.03566,9.905125,21.2064
4,45,30,37.5,"N",19.79586,13.04175,25.371725
5,30,15,22.5,"N",10.07033,4.999475,15.868
6,15,0,7.5,"N",0.27,0,2
7,0,-15,-7.5,"S",0.12,0,1
8,-15,-30,-22.5,"S",0.08,0,1
9,-30,-45,-37.5,"S",5.0324,2,9.48577499999999
10,-45,-60,-52.5,"S",NA,NA,NA
11,-60,-75,-67.5,"S",NA,NA,NA
12,-75,-90,-82.5,"S",NA,NA,NA
