"bin","max","min","mid","hemisphere","mean_richness","CI.Lower","CI.Upper"
1,90,75,82.5,"N",0.08,0,1
2,75,60,67.5,"N",5.72616,2,9.87715
3,60,45,52.5,"N",15.97844,9.879525,21.165475
4,45,30,37.5,"N",16.8583,10.773275,22.620025
5,30,15,22.5,"N",6.88076,2,11.811825
6,15,0,7.5,"N",0.12,0,1
7,0,-15,-7.5,"S",0.1,0,1
8,-15,-30,-22.5,"S",NA,NA,NA
9,-30,-45,-37.5,"S",2.4699,0,5
10,-45,-60,-52.5,"S",NA,NA,NA
11,-60,-75,-67.5,"S",NA,NA,NA
12,-75,-90,-82.5,"S",NA,NA,NA
