"bin","max","min","mid","hemisphere","mean_richness","CI.Lower","CI.Upper"
1,90,75,82.5,"N",0.11,0,1
2,75,60,67.5,"N",7.67816,3,12.924775
3,60,45,52.5,"N",22.23607,16.93795,27.147025
4,45,30,37.5,"N",22.63344,17.677975,27.227925
5,30,15,22.5,"N",10.09859,5,17.017875
6,15,0,7.5,"N",0.42,0,2
7,0,-15,-7.5,"S",0.17,0,1
8,-15,-30,-22.5,"S",NA,NA,NA
9,-30,-45,-37.5,"S",5.19592,1.475,9.48544999999999
10,-45,-60,-52.5,"S",NA,NA,NA
11,-60,-75,-67.5,"S",NA,NA,NA
12,-75,-90,-82.5,"S",NA,NA,NA
