"bin","max","min","mid","hemisphere","mean_richness","CI.Lower","CI.Upper"
1,90,75,82.5,"N",0.1,0,1
2,75,60,67.5,"N",10.6251,5.47025,15.11625
3,60,45,52.5,"N",22.2049,16.871,27.67575
4,45,30,37.5,"N",25.6848,20.63925,29.8855
5,30,15,22.5,"N",16.5108,10.2985,21.7385
6,15,0,7.5,"N",0.46,0,2
7,0,-15,-7.5,"S",NA,NA,NA
8,-15,-30,-22.5,"S",0.74,0,2
9,-30,-45,-37.5,"S",11.7192,5.99475,18.09325
10,-45,-60,-52.5,"S",NA,NA,NA
11,-60,-75,-67.5,"S",NA,NA,NA
12,-75,-90,-82.5,"S",NA,NA,NA
