"bin","max","min","mid","hemisphere","mean_richness","CI.Lower","CI.Upper"
1,90,75,82.5,"N",0.04,0,1
2,75,60,67.5,"N",7.71881,3,12.57525
3,60,45,52.5,"N",12.6668,6.995475,18.828875
4,45,30,37.5,"N",19.23807,12.246975,24.090975
5,30,15,22.5,"N",9.43158,4.474525,16.064525
6,15,0,7.5,"N",0.12,0,1
7,0,-15,-7.5,"S",0.01,0,0
8,-15,-30,-22.5,"S",0.35,0,2
9,-30,-45,-37.5,"S",5.50981,1,9.934075
10,-45,-60,-52.5,"S",NA,NA,NA
11,-60,-75,-67.5,"S",NA,NA,NA
12,-75,-90,-82.5,"S",NA,NA,NA
