"bin","max","min","mid","hemisphere","mean_richness","CI.Lower","CI.Upper"
1,90,75,82.5,"N",NA,NA,NA
2,75,60,67.5,"N",NA,NA,NA
3,60,45,52.5,"N",NA,NA,NA
4,45,30,37.5,"N",26.53601,22.915525,30.5286
5,30,15,22.5,"N",4.12491,0,8.969775
6,15,0,7.5,"N",0.19,0,1
7,0,-15,-7.5,"S",0.84,0,3
8,-15,-30,-22.5,"S",3.67925,1,6.994675
9,-30,-45,-37.5,"S",16.15112,10.117675,20.897
10,-45,-60,-52.5,"S",2.91991,0,6
11,-60,-75,-67.5,"S",2.90849,0,6.9792
12,-75,-90,-82.5,"S",0.24,0,1
