"bin","max","min","mid","hemisphere","mean_richness","CI.Lower","CI.Upper"
1,90,75,82.5,"N",1.14,0,4
2,75,60,67.5,"N",0.67,0,2
3,60,45,52.5,"N",29.9508,25.82275,34.05225
4,45,30,37.5,"N",30.2011,27.0875,33.21775
5,30,15,22.5,"N",19.0176,12.5045,23.9655
6,15,0,7.5,"N",1.7399,0,4
7,0,-15,-7.5,"S",1,0,3
8,-15,-30,-22.5,"S",2.8996,0,6
9,-30,-45,-37.5,"S",24.7944,20.337,29.32375
10,-45,-60,-52.5,"S",9.9584,4,14.74
11,-60,-75,-67.5,"S",NA,NA,NA
12,-75,-90,-82.5,"S",0.19,0,1
