"bin","max","min","mid","hemisphere","mean_richness","CI.Lower","CI.Upper"
1,90,75,82.5,"N",0.1,0,1
2,75,60,67.5,"N",0.34,0,2
3,60,45,52.5,"N",22.87218,17.625875,28.182
4,45,30,37.5,"N",15.66471,8.927275,20.9711
5,30,15,22.5,"N",15.89341,9.806575,21.62075
6,15,0,7.5,"N",0.19,0,1
7,0,-15,-7.5,"S",1.74983,0,5
8,-15,-30,-22.5,"S",5.80731,2,9.929975
9,-30,-45,-37.5,"S",10.91139,4.998425,16.7447
10,-45,-60,-52.5,"S",1.91,0,5
11,-60,-75,-67.5,"S",0.44,0,2
12,-75,-90,-82.5,"S",NA,NA,NA
