"bin","max","min","mid","hemisphere","mean_richness","CI.Lower","CI.Upper"
1,90,75,82.5,"N",0.12,0,1
2,75,60,67.5,"N",NA,NA,NA
3,60,45,52.5,"N",19.37918,13.379825,24.42235
4,45,30,37.5,"N",8.21704,4,12.733575
5,30,15,22.5,"N",12.00986,5.4598,16.42765
6,15,0,7.5,"N",NA,NA,NA
7,0,-15,-7.5,"S",0.31,0,2
8,-15,-30,-22.5,"S",2.46876,0,5
9,-30,-45,-37.5,"S",2.8597,0,6.995525
10,-45,-60,-52.5,"S",NA,NA,NA
11,-60,-75,-67.5,"S",0.96,0,3
12,-75,-90,-82.5,"S",0.28,0,1
