"bin","max","min","mid","hemisphere","mean_richness","CI.Lower","CI.Upper"
1,90,75,82.5,"N",NA,NA,NA
2,75,60,67.5,"N",NA,NA,NA
3,60,45,52.5,"N",14.77114,7.980375,21.023225
4,45,30,37.5,"N",26.7105,22.0501,31.034775
5,30,15,22.5,"N",10.01301,5,16.289625
6,15,0,7.5,"N",0.48,0,2
7,0,-15,-7.5,"S",0.02,0,0
8,-15,-30,-22.5,"S",0.46,0,2
9,-30,-45,-37.5,"S",NA,NA,NA
10,-45,-60,-52.5,"S",7.6068,3.475,13.01765
11,-60,-75,-67.5,"S",0.38,0,2
12,-75,-90,-82.5,"S",NA,NA,NA
