"bin","max","min","mid","hemisphere","mean_richness","CI.Lower","CI.Upper"
1,90,75,82.5,"N",NA,NA,NA
2,75,60,67.5,"N",NA,NA,NA
3,60,45,52.5,"N",7.44845,3,12.765625
4,45,30,37.5,"N",31.54079,27.22075,34.287125
5,30,15,22.5,"N",6.60164,2,12.54595
6,15,0,7.5,"N",0.69,0,2.52499999999999
7,0,-15,-7.5,"S",0.05,0,1
8,-15,-30,-22.5,"S",0.01,0,0
9,-30,-45,-37.5,"S",4.00776,1,8.50792499999999
10,-45,-60,-52.5,"S",3.29952,0,6.999525
11,-60,-75,-67.5,"S",0.25,0,2
12,-75,-90,-82.5,"S",NA,NA,NA
