"bin","max","min","mid","hemisphere","mean_richness","CI.Lower","CI.Upper"
1,90,75,82.5,"N",NA,NA,NA
2,75,60,67.5,"N",NA,NA,NA
3,60,45,52.5,"N",18.47011,12.5271,23.57675
4,45,30,37.5,"N",35.59983,32.731425,37.5402
5,30,15,22.5,"N",6.84883,2,11.734525
6,15,0,7.5,"N",0.42,0,2
7,0,-15,-7.5,"S",0.13,0,1
8,-15,-30,-22.5,"S",0.29,0,1.52499999999999
9,-30,-45,-37.5,"S",20.5714,14.738225,26.3893
10,-45,-60,-52.5,"S",NA,NA,NA
11,-60,-75,-67.5,"S",1.31998,0,4
12,-75,-90,-82.5,"S",NA,NA,NA
