"bin","max","min","mid","hemisphere","mean_richness","CI.Lower","CI.Upper"
1,90,75,82.5,"N",0.09,0,1
2,75,60,67.5,"N",2.5796,0,6
3,60,45,52.5,"N",25.7688,20.93575,29.64625
4,45,30,37.5,"N",40.3075,38.59425,41.56525
5,30,15,22.5,"N",17.0517,11.56275,23.23325
6,15,0,7.5,"N",1.15,0,3
7,0,-15,-7.5,"S",0.46,0,2
8,-15,-30,-22.5,"S",0.7,0,3
9,-30,-45,-37.5,"S",30.2684,25.80875,33.4925
10,-45,-60,-52.5,"S",15.8451,9.9,20.8555
11,-60,-75,-67.5,"S",2.7599,0,6
12,-75,-90,-82.5,"S",NA,NA,NA
