"bin","max","min","mid","hemisphere","mean_richness","CI.Lower","CI.Upper"
1,90,75,82.5,"N",NA,NA,NA
2,75,60,67.5,"N",1.44,0,4.52499999999999
3,60,45,52.5,"N",17.9956,11.3188,24.041275
4,45,30,37.5,"N",32.73303,29.9037,35.176925
5,30,15,22.5,"N",6.279,2,10.89245
6,15,0,7.5,"N",0.25,0,1
7,0,-15,-7.5,"S",0.17,0,1
8,-15,-30,-22.5,"S",0.22,0,1
9,-30,-45,-37.5,"S",16.23077,9.416075,22.52
10,-45,-60,-52.5,"S",NA,NA,NA
11,-60,-75,-67.5,"S",1.14,0,4
12,-75,-90,-82.5,"S",NA,NA,NA
